Input,Prediction,GroundTruth
ank,अंक,अंक
anka,अंका,अंक
ankit,अंकित,अंकित
anakon,अनाकों,अंकों
ankhon,अंखों,अंकों
ankon,अंकों,अंकों
angkor,आंगोरय,अंकोर
ankor,एनकोर,अंकोर
angaarak,अंगारक,अंगारक
angarak,अंगरक,अंगारक
angraji,अंग्रजी,अंग्रज़ी
angreji,अंग्रेजी,अंग्रज़ी
angrzi,अंग्रजी,अंग्रज़ी
antah,अंतह,अंतः
antaha,अंतहा,अंतः
antarmukh,अंतरमुख,अंतर्मुख
antmurkh,अंतर्मख,अंतर्मुख
antrmukh,अंतरमुख,अंतर्मुख
andrabee,अंद्रबी,अंद्राबी
andrabi,अंदराबी,अंद्राबी
andha,अंधा,अंधा
andhapan,अंधापन,अंधापन
andheri,अंधेरी,अंधेरी
ambaani,अंबानी,अंबानी
ambani,अंबानी,अंबानी
akram,अक्रम,अकरम
acapulco,एकापूलिको,अकापुल्को
akapulko,अकापुकों,अकापुल्को
akhand,अखांड,अखंड
akhil,अखिल,अखिल
agavai,अगवाई,अगवाई
agvaai,अगवाई,अगवाई
augustine,ऑगससटटन,अगस्टाइन
augustustine,ऑगसस्टूस्ने,अगस्टाइन
agsta,अगस्ता,अगस्ता
agusta,अगुस्ता,अगस्ता
augusta,आगससता,अगस्ता
agr,एग्र,अग्र
agra,अग्र,अग्र
achambha,अचंभा,अचंभा
achanbha,अचंभा,अचंभा
achievement,अचिवेजेंट,अचीवमेंट
achivement,अचिवेमेंट,अचीवमेंट
acchi,अच्छी,अच्छी
achchi,अच्छी,अच्छी
achhi,अच्छी,अच्छी
achyut,अच्युत,अच्युत
achhanera,अचुनेरा,अछनेरा
achnera,अचनेरा,अछनेरा
ajmeedh,अज्मीध,अजमीढ़
ajhar,आहार,अजहर
azhar,आजहर,अजहर
ajit,अजित,अजित
agnat,अग्नत,अज्ञात
agyaat,अज्ञात,अज्ञात
agyat,अज्ञत,अज्ञात
atakta,अतकता,अटकता
atkata,अतकता,अटकता
atake,अतके,अटके
atke,अटके,अटके
atwaal,अत्वाल,अटवाल
atwal,अत्वल,अटवाल
attahasa,अत्तासा,अट्टहास
atthaas,अत्थास,अट्टहास
atthas,अत्थास,अट्टहास
addon,एडदों,अड्डों
athak,अथक,अथक
atharv,अथार्व,अथर्व
atharva,अथारवा,अथर्व
adad,अदाद,अदद
adaani,अदानी,अदाणी
adani,अदानी,अदाणी
advait,अडवात,अद्वैत
adwait,अडवात,अद्वैत
advaitvaad,अदवततवाद,अद्वैतवाद
advaitwad,अदवात्वाद,अद्वैतवाद
adhivas,अधिवास,अधिवास
adhiwas,अधिवास,अधिवास
advivas,अद्विवास,अधिवास
adhiik,अधिक,अधीक
adhik,अधिक,अधीक
adhyayanarat,अध्यान्रता,अध्ययनरत
adhyayanrat,अध्यायनतत,अध्ययनरत
adhyaynrat,अध्यान्रता,अध्ययनरत
anant,अनंत,अनंत
ananti,अनांति,अनंती
angadh,अंगढ़,अनगढ़
angarh,अंगरह,अनगढ़
anchahe,एंचाहे,अनचाहे
anthak,अंथक,अनथक
unthak,उंथक,अनथक
anhoni,अनोहनी,अनहोनी
anaavashyak,अनावश्यक,अनावश्यक
anavashyak,अनावश्यक,अनावश्यक
anavshyak,अनावश्यक,अनावश्यक
anawashyak,अनावश्यक,अनावश्यक
anik,अनिक,अनिक
anishwarvadi,अनिश्ववादी,अनीश्वरवादी
anishwarwadi,अनिश्ववादी,अनीश्वरवादी
anukoltha,अनुकोलता,अनुकूलता
anukulata,अनुकुलता,अनुकूलता
anukulta,अनुकुलता,अनुकूलता
anuchit,अनुचितत,अनुचित
anuprayogi,अनुप्रयोगी,अनुप्रयोगों
anuprayogon,अनुप्रागोंं,अनुप्रयोगों
anupryogon,अनुप्रयोगों,अनुप्रयोगों
anureet,अनुरीत,अनुरीत
anurit,अनुरित,अनुरीत
anuthi,अनुठी,अनूठी
anudit,अनुदित,अनूदित
anyaay,अन्याय,अन्याय
anyay,अन्यय,अन्याय
anyaya,अन्यय,अन्याय
apnani,अपनानी,अपनानी
aparivartanshali,अपररवंश्ाली,अपरिवर्तनशील
aparivartansheel,अपरिवर्शशालल,अपरिवर्तनशील
aparivartanshil,अपरिवर्शशालि,अपरिवर्तनशील
apariharya,अपरिहार्य,अपरिहार्य
aprihary,अपृहार्य,अपरिहार्य
apriyary,अप्रियारी,अपरिहार्य
apavartit,अपवार्तित,अपवर्तित
apvartit,अपवर्ततित,अपवर्तित
apvtrit,अपवृत्त,अपवर्तित
apaardarshi,अपररदद्शी,अपारदर्शी
apardarshi,अपरदर्शी,अपारदर्शी
afroj,अफरोज,अफरोज
afroz,अफरर,अफरोज
africa,अफ्रिका,अफ्रीका
abbaasi,अब्बससी,अब्बासी
abbasi,अब्बसी,अब्बासी
abhimat,अभिमत,अभिमत
abhishap,अभिषप,अभिशाप
abhi,आभी,अभी
amjhera,अमझेरा,अमझेरा
amzera,अम्जेरा,अमझेरा
amargad,अमरगाद,अमरगढ़
amargarh,अमरगढ़,अमरगढ़
amarpaal,अमरपाल,अमरपाल
amarpal,अमरपाल,अमरपाल
amarohi,अमरोही,अमरोही
amrohi,अमरही,अमरोही
amaanat,अमानत,अमानत
amanat,अमानत,अमानत
amanth,अमांथ,अमानत
amaanati,अमानती,अमानती
amanathi,अमानथी,अमानती
amanati,अमानती,अमानती
amavasya,अमावस्य,अमावस्या
amavsya,अमास्य,अमावस्या
amit,अमित,अमित
amitao,अमिताओ,अमिताव
amitav,अमिताव,अमिताव
amuk,अमूक,अमुक
amogh,अमोग,अमोघ
ambani,अंबानी,अम्बानी
ayodhyaanaath,अयोधानाथ्थ,अयोध्यानाथ
ayodhyanaath,अयोधानाथथ,अयोध्यानाथ
ayodhyanath,अयोध्यनाथ,अयोध्यानाथ
ayodhyeanath,अयोधेयनाथ,अयोध्यानाथ
aradas,अरदास,अरदास
ardaas,अरदास,अरदास
ardas,अर्दास,अरदास
arabab,अरबब,अरबाब
arbab,अर्ब,अरबाब
around,आरौंद,अराउंड
arjent,अर्जेंट,अर्जेंट
urgent,यर्जेंट,अर्जेंट
arth,अर्थ,अर्थ
artha,अर्थ,अर्थ
earth,आयर्थ,अर्थ
earthquake,आयर्थकके,अर्थक्वेक
arthon,अर्थों,अर्थों
arpit,अर्पित,अर्पित
aryama,अर्यमा,अर्यमा
aryma,आर्यमा,अर्यमा
arymaa,अर्यमा,अर्यमा
alankaar,अलंकार,अलंकार
alankar,अलंकर,अलंकार
alnkaar,अलंकार,अलंकार
alankaaron,अलंकरणों,अलंकारों
alankaron,अलंकरणों,अलंकारों
alnkaaron,अलंकरणों,अलंकारों
alnkaron,अलंकरों,अलंकारों
alagavavadi,अलगावादी,अलगाववादी
algavvadi,अलगगववादी,अलगाववादी
algavwaadi,अलगगववादी,अलगाववादी
alive,एलीवे,अलाइव
alance,आलांस,अलायंस
alayans,अलायंस,अलायंस
aliance,एलियांस,अलायंस
alind,आलिंड,अलिंद
alai,एलाई,अली
ali,एली,अली
alii,एली,अली
alonso,आलोंसों,अलोंसो
aloso,एलोसो,अलोंसो
alphabet,अल्फाबेट,अल्फ़ाबेट
alba,अल्बा,अल्बा
avantipur,अवनंतपुर,अवंतिपुर
awantipora,अवनंतिपुरा,अवंतिपुर
avaru,अवरू,अवरु
avru,अवरू,अवरु
awaru,अवारू,अवरु
avarodhak,अवरोधक,अवरोधक
avrodhak,अवरोधक,अवरोधक
avrodhk,अवरोध्क,अवरोधक
avarnata,अवर्णता,अवर्णता
avarnataa,अवर्णता,अवर्णता
avranta,अवरंता,अवर्णता
avashist,अवशिष्त,अवशिष्ट
avshisht,अवशिष्ट,अवशिष्ट
awashist,अवशिस्त,अवशिष्ट
avasthaayen,अवस्थाएं,अवस्थाएं
avsthaen,अवस्थाएं,अवस्थाएं
avsthayen,अवस्थाएं,अवस्थाएं
awasthaen,अवस्थाएं,अवस्थाएं
avi,आवी,अवि
avika,अविका,अविका
aviral,अविरल,अविरल
avirl,एविर्ल,अविरल
avishvaasniy,अविश्वसाीय,अविश्वसनीय
avishvasniy,अविश्वसाीय,अविश्वसनीय
avishvasniya,अविश्वसनीय,अविश्वसनीय
avisvasniya,अविस्वसनीय,अविश्वसनीय
aviva,अवीवा,अवीवा
avaigyanic,अवैयानिनिक,अवैज्ञानिक
avaigyanik,अवैज्ञानिक,अवैज्ञानिक
avegyanik,आवेज्ञानिक,अवैज्ञानिक
ashaktataa,अशाक्तता,अशक्तता
ashktta,अश्क्तता,अशक्तता
asharaphi,आशारपी,अशरफी
ashrafi,अश्रफी,अशरफी
ashariri,आशारिरी,अशरीरी
ashriri,अश्रीी,अशरीरी
ashrvatath,अश्रवतथ,अश्वत्थ
ashvtth,अश्वत्थ,अश्वत्थ
asamaany,असामान्य,असमान्य
asamany,असामान्य,असमान्य
asmanye,असमान्य,असमान्य
asaamnjsy,असामंज्सी,असामंजस्य
asamanjasy,असमाजस्स,असामंजस्य
asamanjasya,असमाजस््य,असामंजस्य
asurakshit,असुरक्षित,असुरक्षित
asurkshit,असुरक्षित,असुरक्षित
aset,एसेट,असेट
asset,एसेटट,असेट
asvabhavik,अस्वाभाविक,अस्वभाविक
aswabhavik,अस्वाभाविक,अस्वभाविक
aswbhavik,अस्भवाविक,अस्वभाविक
ahirauli,अहिरौली,अहिरौली
item,इटेम,आइटम
items,इइटम्स,आइटम्स
idle,आइडल,आइडल
idol,आईडीलल,आइडल
icc,आईसीसी,आइसीसी
iso,आईएसयू,आइसो
ipc,आईपीसी,आईपीसी
ipad,ईपाद,आईपैड
iris,आइआरससस,आईरिस
ounce,ऊंसस,आउंस
aakaash,आकाश,आकाश
aakash,आकाश,आकाश
aake,आके,आके
aakhet,आखेत,आखेट
akhet,अखेत,आखेट
aagat,आगत,आगत
aagaman,आगमन,आगमन
aagman,आग्मान,आगमन
aagaa,आगा,आग़ा
aagah,आगाह,आग़ा
agha,आघा,आग़ा
aagaashe,आगाशे,आगाशे
aagashe,आगशे,आगाशे
agashe,अगशे,आगाशे
aajmaanaa,आजमाना,आजमाना
aajmana,आजमाना,आजमाना
aazmaanaa,आजमाना,आजमाना
aata,आता,आटा
ata,आता,आटा
atta,अत्ता,आटा
aatmayen,आत्माएं,आत्माएं
atmaen,आत्माएं,आत्माएं
aadaan,आदान,आदान
aadan,आदान,आदान
aadhaarit,आधारित,आधारित
aadharit,आधारित,आधारित
adharit,आधारित,आधारित
aadheen,आधीन,आधीन
aadhin,आधिन,आधीन
aadhunik,आधुनिक,आधुनिक
aanad,आंद,आनद
aanand,आनंद,आनद
anand,आनांड,आनद
aapka,आपका,आपका
aapkaa,आपका,आपका
aapadaaaen,आपदाएं,आपदाएं
aapdaein,आपदाएं,आपदाएं
aapdayein,आपदाएं,आपदाएं
aabantit,आबंतित,आबंटित
abantit,आबंतित,आबंटित
aabru,आब्रु,आबरू
abaru,आबरु,आबरू
aamdan,आमदान,आमदन
amadan,अमदान,आमदन
aamdani,आमदानी,आमदनी
amadani,अमादनी,आमदनी
aamdi,आमदी,आमदी
amdi,अमडी,आमदी
aamod,आमोद,आमोद
amod,अमोद,आमोद
aayenge,आयेंगे,आयेंगे
aayojak,आयोजक,आयोजक
ro,रो,आरओ
rp,आरएप,आरपी
aaraam,आराम,आराम
aaram,आराम,आराम
aram,आरम,आराम
aarushi,आरुशी,आरुषि
arushi,आरुशी,आरुषि
artery,आर्टरी,आर्टरी
order,आर्डर,आर्डर
aary,आर्य,आर्य
aarya,आर्य,आर्य
arya,अर्य,आर्य
aaryika,आर्यिका,आर्यिका
aryika,आरियकका,आर्यिका
aarya,आर्य,आर्यो
arya,अर्य,आर्यो
aryo,आर्यो,आर्यो
aaryan,आर्यान,आर्यों
arya,अर्य,आर्यों
aryon,आर्यों,आर्यों
aalsi,आलसी,आलसी
alasi,अलससी,आलसी
aalochak,आलोचक,आलोचक
alochak,आलोचक,आलोचक
aalochakon,आलोचकों,आलोचकों
alochakon,आलोचकों,आलोचकों
aalha,आल्हा,आल्हा
aalhaa,आल्हा,आल्हा
alha,अल्हा,आल्हा
allah,अल्लह,आल्हा
aawaazen,आवाजें,आवाज़ें
aawajen,आवाजें,आवाज़ें
awaazen,आवाजेन,आवाज़ें
awazen,आवाजेन,आवाज़ें
aawajon,आवाजों,आवाज़ों
aawazon,आवाजों,आवाज़ों
awaazon,आवाजों,आवाज़ों
awazon,आवाजों,आवाज़ों
aavishakaar,आविष्कार,आविष्कार
aavishkaar,आविष्कार,आविष्कार
avishkar,अविष्कर,आविष्कार
aavriti,आवृति,आवृत्ति
aavritti,आवृतति,आवृत्ति
avuti,अवूति,आवृत्ति
aavritiyon,आवृतियों,आवृत्तियों
aavrittiyon,आवृतियों,आवृत्तियों
avrutiyon,अवृतियों,आवृत्तियों
aashanka,आशंका,आशंका
ashanka,अशंका,आशंका
aashriton,आश्रितों,आश्रितों
ashriton,अश्रितों,आश्रितों
aasaan,आसान,आसान
aasan,आसन,आसान
asan,असन,आसान
aastik,आस्तिक,आस्तिक
astik,अस्तिक,आस्तिक
aasteen,आस्तीन,आस्तीन
aastin,आस्तिन,आस्तीन
astin,अस्तिन,आस्तीन
aahnaan,आहनान,आह्नान
aahnan,आहनान,आह्नान
ahyan,अह्यान,आह्नान
england,इंगललंड,इंग्लैंड
engineer,इंजीनियर,इंजिनियर
introduction,इंट्रोड्श्शन,इंट्रोडक्शन
insurance,इनसूर्ंस,इंश्योरेंस
ear,ईयर,इअर
eyer,एयर,इअर
eon,इयन,इआन
iaan,आईएनए,इआन
ekattha,एकट्ठा,इकट्ठा
ikattha,इकटता,इकट्ठा
ekatthi,एकट्ठी,इकठ्ठी
ekthi,एक्ठी,इकठ्ठी
ikatthi,इकट्ठीी,इकठ्ठी
ekaee,एकाई,इकाई
ikai,ईकाई,इकाई
ekaeyon,एकाइयों,इकाईयों
ikaiyon,ईकाईयों,इकाईयों
ikarion,इकारियों,इकाईयों
economic,इकोनोमिक,इकोनोमिक
ecuador,एक्यूडार,इक्वाडोर
equador,एक्वाडोर,इक्वाडोर
equities,एक्विटीज,इक्विटीज
ikvitija,इक्विजिता,इक्विटीज
ijaajat,इजाजात,इजाजत
ijajat,इजाज़त,इजाजत
inhalation,इन्हालेशन,इनहेलेशन
inhaletion,इन्हेलेशिन,इनहेलेशन
ibija,आबिजाज,इबीजा
ibiza,आबिजाज,इबीजा
imaging,इमाजिंग,इमेजिंग
immune,इम्नून,इम्युन
elaichi,एलाहिकी,इलाइची
ilaichi,इलाहिची,इलाइची
ilayachi,इलायाची,इलाइची
ilayichi,इलायाधिकी,इलाइची
elaaj,एलाज,इलाज
ilaaj,इलाज,इलाज
ilaj,इलाज,इलाज
ishaak,इशाक,इशाक
ishaaq,इशाक,इशाक
ishak,इशक,इशाक
ishaara,इशारा,इशारा
ishaaraa,इशारा,इशारा
ishara,इशारा,इशारा
ishita,इशिता,इशिता
isht,इष्ट,इष्ट
isteefe,इस्तीफे,इस्तीफे
istife,इस्टिफ,इस्तीफे
ea,ईएएययू,ईए
ia,आईएयययूएए,ईए
eater,इटर,ईटर
iter,इटर,ईटर
email,एमाइल,ईमेल
emailon,एमालों,ईमेलों
emelon,एमेलों,ईमेलों
evening,एवेनिंग,ईवनिंग
east,ईस्ट,ईष्ट
ishat,इशात,ईष्ट
isht,इष्ट,ईष्ट
isaaiyon,ईसाईयों,ईसाइयों
isaiyon,ईसाइयों,ईसाइयों
isayiyon,ईसाइयों,ईसाइयों
ikhrul,इखृल,उखरुल
ukhrool,उखरूल,उखरुल
ukhrul,उख्रुल,उखरुल
uchhalane,उचचालने,उछालने
uchhalne,उचचनले,उछालने
ujback,उज्बककट,उज़्बेक
uzbek,उज्बेक,उज़्बेक
uthane,उठाने,उठने
uthne,उठने,उठने
uthaakar,उठाकर,उठाकर
uthakar,उठकर,उठाकर
uthaapatak,उठापत्क,उठापटक
uthapatak,उठपताक,उठापटक
uthen,उठें,उठें
udaan,उदान,उड़ान
udan,उड़न,उड़ान
udaanaa,उद़ना,उड़ाना
udana,उड़ना,उड़ाना
udaane,उड़ने,उड़ाने
udane,उड़ने,उड़ाने
udaanen,उदानें,उड़ानें
udanen,उदानें,उड़ानें
udaanon,उदानों,उड़ानों
udanon,उदानों,उड़ानों
utane,उतने,उतने
utaney,उतने,उतने
utne,उतने,उतने
uttara,उत्तरा,उत्तरा
uttra,उत्त्र,उत्तरा
utpan,उत्पन,उत्पन
udant,उदंत,उदंत
udghosh,उद्षो,उदघोष
udar,उदार,उदर
uda,उड़ा,उदा
udaa,उड़ा,उदा
udakishuganj,उद्यकीुजुंज,उदाकिशुनगंज
udakishunganj,उद्यकिंजुजन,उदाकिशुनगंज
unatees,अन्तेटीस,उनतीस
untees,उंट्सीस,उनतीस
uniyal,यूनियल,उनियाल
upadraviyon,उपद्रवायों,उपद्रवियों
updravion,उपद्रववन,उपद्रवियों
updraviyon,उपद्रवायों,उपद्रवियों
upadravi,उपद्रवी,उपद्रवी
updravi,उपद्रवी,उपद्रवी
upadrawon,उपद्रवों,उपद्रवों
updravon,उपद्रवों,उपद्रवों
upneta,उपनेता,उपनेता
upabhokta,उपभोतका,उपभोक्ता
upbhokta,उपभोतका,उपभोक्ता
uplaksh,उपलक्ष,उपलक्ष्य
uplakshay,उपललक्षय,उपलक्ष्य
uplakshya,उपलक्ष्य,उपलक्ष्य
uplabdh,उपललब्ध,उपलब्ध
uplabdhiyon,उपललबिियों,उपलब्धियों
uplabdhi,उपललब्धि,उपलब्धी
upakhyaanon,उपख्यानों,उपाख्यानों
upakhyanon,उपख्यानों,उपाख्यानों
ubuntu,उबूनू,उबंटू
ubaal,उबाल,उबाल
ubal,उबल,उबाल
ubhaara,उभारा,उभारा
ubhara,उभरा,उभारा
umanath,उमानथथ,उमानाथ
umesh,उमेश,उमेश
urf,यरफएफ,उर्फ
urfa,उरफा,उर्फ
urff,उरफफ,उर्फ
urvarakon,ऊूर्वाकों,उर्वरकों
urvarkon,उर्वाकों,उर्वरकों
urwarakon,ऊूर्वरकों,उर्वरकों
urvarata,उूर्वरता,उर्वरता
urvarta,उर्वर्ता,उर्वरता
urwarta,उूर्वता,उर्वरता
ulate,उलते,उलटे
ulte,उलते,उलटे
ulahana,उलाहना,उलाहना
ulahna,उलहना,उलाहना
ulema,उल्माा,उलेमा
ulemaon,उल्मेनां,उलेमाओं
usak,उसक,उसक
usaki,उसकी,उसकी
uski,उससी,उसकी
usmein,उसमें,उसमें
usmen,उस्में,उसमें
usi,उसीई,उसी
ustara,उस्तरा,उस्तरा
udharv,उधार्व,ऊर्ध्व
udhrva,उध्वरा,ऊर्ध्व
urdhav,उर्धव,ऊर्ध्व
ushma,उष्मा,ऊष्मा
rishicool,ऋशिकल,ऋषिकुल
rishikul,ऋषिकुल,ऋषिकुल
rushikul,ऋषुकिलल,ऋषिकुल
enzyme,इंज्मेम,एंजाइम
anton,अंटों,एंटोन
entone,एंटोन,एंटोन
antoni,एंटोनी,एंटोनी
antony,एंटोनी,एंटोनी
endometrial,एंडोड्रेलिल,एंडोमेट्रियल
andreas,एंड्रियस,एंड्रियास
als,एल्स,एएलएस
asi,आसी,एएसआई
eksaath,एकसाथ,एकसाथ
eksath,एक्सत,एकसाथ
ekaki,एकाकी,एकाकी
xm,एकएसएम,एक्सएम
egmor,एजोरययूप्,एगमोर
egmore,एजोगर,एगमोर
aj,जज,एजे
agende,आजेंदे,एजेंडे
adp,एडीपीी,एडीपी
adain,अदान,एडेन
aden,एडेन,एडेन
edan,एडन,एडेन
addi,अद्दी,एड्डी
eddi,एडीडी,एड्डी
eddie,एडीडी,एड्डी
eddy,एडीडी,एड्डी
apj,अपज,एपीजे
ftii,फ्टी,एफटीआईआई
abbott,अबबोटट,एबट
abut,आबूट,एबट
ebt,एबीटटी,एबट
abvp,एबीपीपी,एबीवीपी
abbot,अबबटट,एबोट
abbott,अबबोटट,एबोट
mta,एमतीएएयय,एमटीए
mtake,म्टके,एमटेक
mtec,मैटीकीसे,एमटेक
mtech,मैटेच,एमटेक
emerald,एमरलल्ड,एमरल्ड
emrald,एमरलैडड,एमरल्ड
emil,एमिल,एमिल
emile,एमिले,एमिल
emily,एमिली,एमिल
amy,अम्य,एमी
emi,एमीईईीय,एमी
airway,एयरवा,एयरवे
eyarave,एयरवे,एयरवे
eyarve,एयर्वे,एयरवे
error,एरररययू,एरर
arica,अरिका,एरिका
erica,एरिका,एरिका
erika,एरिका,एरिका
aerobic,एयरबोकिक,एरोबिक
aerobics,एयरबॉकिसस,एरोबिक
lte,लेटी,एलटीई
lti,एलीी,एलटीई
allergic,एल्ल्जिक,एलर्जिक
eliminator,एलिमिनेटर,एलिमिनेटर
aliens,एलिजेंस,एलियंस
alliance,एलाइंसस,एलियंस
asian,असियां,एशियन
sfc,एसएससीी,एसएफसी
sk,एससी,एसके
spf,एसपीपी,एसपीएफ
association,एसोसिएशन,एसोसिएशन
astar,अस्तर,एस्टर
aster,एस्टर,एस्टर
ester,एस्टर,एस्टर
aesthetics,एस्टेटिक्स,एस्थेटिक
asthetic,एस्थेटिक,एस्थेटिक
asfalt,अस्फलट,एस्फाल्ट
asphalt,अस्फलत,एस्फाल्ट
asphault,अस्फालट,एस्फाल्ट
ahsaas,अहसास,एहसास
ehsaas,एहसास,एहसास
ehsas,एहसास,एहसास
aisa,एसा,एेसा
eesa,आईसा,एेसा
ainth,ऐंठ,ऐंठ
end,एंडड,ऐंठ
enth,एंट,ऐंठ
ainthey,ऐंठे,ऐंठे
enthe,ऐंठे,ऐंठे
aithan,ऐठन,ऐठन
ethan,एठन,ऐठन
ethhan,ऐठन,ऐठन
ail,एएल,ऐल
el,एलएल,ऐल
alaps,अलपपस,ऐल्प्स
alps,आल्प्स,ऐल्प्स
aise,एसे,ऐसे
oxide,ऑक्साइड,ऑक्साइड
oxy,ऑक्सी,ऑक्सी
offers,ऑफर्स,ऑफर्स
offshor,ऑफ्रोययूर,ऑफशोर
offshore,ऑफ्रे,ऑफशोर
official,ऑफिसिकल,ऑफिशियल
okalahoma,ओकालमहा,ओकलाहोमा
oklahoma,ओललहमा,ओकलाहोमा
oklahoma,ओललहमा,ओक्लाहोमा
ot,ओटी,ओत
opel,ओपेल,ओपेल
obrayan,ओबरायान,ओब्रायन
obrien,ऑबररीन,ओब्रायन
oran,ओरान,ओरण
orian,ओरियन,ओरियन
orion,ओरियन,ओरियन
olavrishti,ओलवृष्टि,ओलावृष्टि
ovum,ओवम,ओवम
owem,ओवेम,ओवम
oceanic,ओसेनिक,ओशनिक
osaka,ओसका,ओसाका
auchity,आचितीय,औचित्य
auchitya,ऊचित्य,औचित्य
audhyogikaran,औद्योगिकरण,औद्योगिकरण
audyogikarana,औद्योगिकरण,औद्योगिकरण
audyogikikaran,औद्योगिकरण,औद्योगिकरण
aurangabad,औरणगाद,औरंगाबाद
aurora,औरोरा,औरोरा
aulakh,औलख,औलख
kankad,कंकड,कंकड़
kankar,कंकर,कंकड़
kankad,कंकड,कंकर
kankar,कंकर,कंकर
kangan,कंगन,कंगन
conjunction,कंजेनशकन,कंजंक्शन
contemporary,कंट्रीपापी,कंटेम्पररी
kanthahar,कंठहाह,कंठहार
kanthhar,कंठहर,कंठहार
composer,कंपोररययूप,कंपोजर
kambalon,कांबलों,कंबलों
kanblon,कंबलों,कंबलों
consultant,कंस्टलेंट,कंसलटेंट
kakkad,कक्कड़,कक्कड़
kakkar,कक्कर,कक्कड़
kacche,कच्चे,कच्चे
kachche,कच्चे,कच्चे
karta,करता,कटरा
katra,कत्र,कटरा
cutlery,कटल्री,कटलरी
katlari,कतललरी,कटलरी
katlary,कटलरी,कटलरी
katasaraj,कतासराज,कटासराज
kathfodave,कथठोपड़े,कठफोड़वे
kathfodve,कथपोड़े,कठफोड़वे
kathor,कथोर,कठोर
kathore,कथोरे,कठोर
kanika,कनिका,कणिका
kathai,कथाई,कत्थई
katthai,कट्ठाई,कत्थई
katthaii,कट्ठाई,कत्थई
convention,कांवेशन,कनवेंशन
canals,कैनल्स,कनाल
kanaal,कनाल,कनाल
kanal,कााल,कनाल
kanindham,कणिंधम,कनिंघम
kaningham,कानिंघम,कनिंघम
kanishthika,काणिष्ठिका,कनिष्ठिका
kanishthikaa,काणिष्ठिका,कनिष्ठिका
kanishtika,कणिष्टिका,कनिष्ठिका
kanyaayen,कन्याएं,कन्याएं
kanyaein,कन्याएं,कन्याएं
kanyayen,कण्याएं,कन्याएं
convention,कांवेशन,कन्वेंशन
convocation,कंवेस्शन,कन्वोकेशन
cup,कपपी,कप
kap,काप,कप
kapda,कपड़ा,कपड़ा
kpada,कपड़ा,कपड़ा
kapdo,कपड़ों,कपड़ो
kapdon,कपड़ों,कपड़ो
kaping,कपिंग,कपिंग
kping,क्पिंग,कपिंग
kapolkalpana,कपपोलल्ताना,कपोलकल्पना
kabaddi,कबद्दी,कबड्डी
kabr,काबरय,कब्र
kabra,कबरा,कब्र
kabren,कबरें,कब्रें
kabron,कबरों,कब्रों
kamjor,कमजोर,कमज़ोर
kamzor,कमजोर,कमज़ोर
kamatar,कमतार,कमतर
kamtar,कामतर,कमतर
kalamjeet,कलाजमीत,कमलजीत
kamaljeet,कमलाीत,कमलजीत
kamaauu,कमाऊ,कमाऊ
kamau,कमाऊ,कमाऊ
kamaate,कमाते,कमाते
kamate,कमते,कमाते
kamere,कमेरे,कमेरे
kmere,क्रे,कमेरे
karanj,करंज,करंज
kranj,क्रंज,करंज
karanjiya,करणजीय,करंजिया
kardhe,कार्धे,करघे
karghe,कार्घे,करघे
karachana,करचाना,करछना
karchhana,कर्चना,करछना
karna,कर्ण,करना
karpatri,कारपत्री,करपात्री
karam,कराम,करम
karoor,करूर,करूर
karur,करुर,करूर
karnataka,कण्नताका,कर्नाटका
karvi,करवी,कर्वी
kurvi,कुर्वी,कर्वी
kalmein,कललें,कलमें
kalmen,कल्में,कलमें
kalraj,कलराज,कलराज
kalika,कालिका,कलिका
kalpanaon,कल्पनाओं,कल्पनाओं
kalpnaon,कल्पनाओं,कल्पनाओं
kavvaliyon,कववालियोंं,कव्वालियों
qawwaliyon,कववावालियों,कव्वालियों
kavvali,काववाली,कव्वाली
qawwali,कववावाली,कव्वाली
kashton,कष्टों,कष्टों
kasarat,कसरात,कसरत
kasrat,कसरत,कसरत
kasara,कसरा,कसारा
kasida,कसीदा,कसीदा
kahane,कहाने,कहने
kahne,कहने,कहने
kahlaya,कहलाया,कहलाया
kahaniyon,कहनियों,कहानियों
kile,किले,क़िले
kanji,कंजी,कांजी
cant,कैंट,कांट
kant,कंत,कांट
kanti,काती,कांति
kakoo,काू,काकू
kaku,काकू,काकू
kaagaj,कागज,कागज़
kaagaz,कागज,कागज़
kagaj,कागज,कागज़
kagaz,कागज,कागज़
kaaji,काजी,काजी
kaji,काजी,काजी
kazi,काजी,काजी
qazi,काजी,काजी
kajoo,काजू,काजू
kaju,काजू,काजू
kapadi,कपड़ी,कापड़ी
kapdi,कपड़ी,कापड़ी
kamraj,कमरजज,कामराज
kamottejana,कामोत्नजा,कामोत्तेजना
kamottejna,कामोत्न्ना,कामोत्तेजना
kailana,कैलना,कायलाना
kaylana,कायलना,कायलाना
carfi,कारफी,कार्की
karki,कर्की,कार्की
kartik,कार्तिक,कार्तिक
karyakartaon,कार्यकर्ताओं,कार्यकर्ताओं
karykartaaon,कार्यकर्ताओं,कार्यकर्ताओं
karykartaon,कार्यकर्ताओं,कार्यकर्ताओं
karyabhar,कार्यभार,कार्यभार
karybhar,कार्यभार,कार्यभार
karyarat,कार्यात,कार्यरत
karyrat,कार्यात,कार्यरत
kaalpi,काल्पीी,कालपी
kalapi,कलापी,कालपी
kalpi,काल्पीी,कालपी
kalika,कालिका,कालिका
kalighat,कलीलत,कालीघाट
coldvel,कॉल्डेल,काल्डवेल
kaldvel,कल्डवेल,काल्डवेल
kaldwell,कालदेवल,काल्डवेल
kaav,काव,काव
kav,काव,काव
kaasht,काष्ट,काश्त
kasht,काष्ट,काश्त
kasim,कसीम,कासिम
qasim,कसीम,कासिम
kasimabad,कासीमाबाद,कासिमाबाद
kiya,किया,किया
kiliyan,किलियां,किलियन
killat,किल्लत,किल्लत
killi,किल्ली,किल्ली
kisaani,किसानी,किसानी
kisani,किसनी,किसानी
kisanon,किसनों,किसानों
keede,कीड़े,कीड़े
kide,कीड़े,कीड़े
keynote,केयोनेट,कीनोट
kinote,किनोट,कीनोट
kiratpur,कीरतपुर,कीरतपुर
kundal,कुंदल,कुंडल
kundaliya,कुंदलिया,कुंडलियाँ
kundaliyan,कुंदलियां,कुंडलियाँ
kutta,कुट्टा,कुत्ता
kuposhit,कुपोषित,कुपोषित
kumau,कुमाऊ,कुमाऊ
kumavat,कुमावत,कुमावत
kumawat,कुमावत,कुमावत
kural,कुराल,कुराल
kurmi,कुर्मी,कुर्मी
kursiyon,कुरसियों,कुर्सियों
kush,कुश,कुश
kushaan,कुशान,कुषाण
kushan,कुशान,कुषाण
kusumalataa,कुसूमलता,कुसुमलता
kusumalta,कुसुमलता,कुसुमलता
kusumlata,कुसलमता,कुसुमलता
koot,कूट,कूट
kut,कुट,कूट
kritika,कृतिका,कृतिका
kpo,कोपो,केपीओ
canterbari,कैंटरबरी,कैंटरबरी
canterbury,कैंटरीबूी,कैंटरबरी
candidate,कंदिडाेट,कैंडिडेट
katrina,कत्रीना,कैटरीना
caitlyn,कैटललन,कैटलिन
cateline,कैटललइन,कैटलिन
catlin,कैटलिन,कैटलिन
cadmium,कैडमियम,कैडमियम
catholic,कैथलिक,कैथोलिक
catholicon,कैथलोकियों,कैथोलिकों
kaetholikon,कैथोलिकों,कैथोलिकों
capacitor,कैपास्टर,कैपेसिटर
carat,कारत,कैरेट
cavity,कैविटी,कैविटी
cavalry,कैवालरी,कैवेलरी
kaivelari,कैवेलारी,कैवेलरी
complex,कंप्लेक्स,कॉम्प्लेक्स
kocchi,कोच्ी,कोच्चि
kochi,कोची,कोच्चि
corridor,कॉरियररय,कोरिडोर
corolla,कोर्ला,कोरोला
korola,कोरोला,कोरोला
caolan,कालन,कोलन
colan,कोलन,कोलन
colon,कोलों,कोलन
calling,कैलिंग,कोलिंग
koling,कोलिंग,कोलिंग
colorado,कलररडों,कोलोराडो
kolorado,कोलोराडो,कोलोराडो
kaushal,कौशल,कौशल
kaushalata,कौशलता,कौशलता
kaushalta,कौशलता,कौशलता
kaushambi,कौशंबी,कौशाम्बी
cute,कूट,क्यूट
quete,क्वेट,क्यूट
cube,कबब,क्यूब
cubeck,कबबेक,क्यूबेक
quebec,क्वेबेक,क्यूबेक
cubes,कब्स,क्यूब्स
krantiyon,क्रांतियों,क्रांतियों
cric,क्रीआरसी,क्रिक
crick,क्रिक,क्रिक
cricket,क्रिकेटट,क्रिकेट
cricketer,क्रिकटटर,क्रिकेटर
cricketing,क्रिकिटिंग,क्रिकेटिंग
kriyayog,क्रियायोगी,क्रियायोग
christian,क्रिस्टियां,क्रिश्चयन
kruger,क्रुगर,क्रूगर
craig,क्रैइग,क्रेग
creg,क्रेग,क्रेग
cradle,क्रैडल,क्रैडल
chrom,च्रॉम,क्रोम
chrome,क्रोम,क्रोम
client,क्लाइंट,क्लांइट
clock,क्लॉक,क्लाक
clasen,क्लेसन,क्लासें
classen,क्लससेन,क्लासें
classon,क्लासों,क्लासों
clay,क्लाय,क्ले
claris,क्लारिस,क्लेरिस
cleris,क्लिजर्स,क्लेरिस
clerys,क्लिर्सस,क्लेरिस
quantico,क्वानटिको,क्वांटिको
queens,क्विंस,क्वींस
kshitij,क्षितिज,क्षितिज
shitij,शितिज,क्षितिज
kshin,क्षिण,क्षीण
shin,शीन,क्षीण
kshetron,क्षेत्रों,क्षेत्रों
shetron,क्षेत्रों,क्षेत्रों
khand,खांड,खंडा
khanda,खंडा,खंडा
khachakhach,खचाचाच,खचाखच
khajarana,खजरना,खजराना
khajraana,खजराना,खजराना
khajrana,खजराना,खजराना
khatakati,खटकती,खटकती
khatakti,खातकती,खटकती
kihatkati,किहात्ति,खटकती
khattapan,खत्तापन,खट्टापन
khat,खात,खत
khani,खानी,खनि
khanik,खानिक,खनिक
khanikarm,खानीकर्म,खनिकर्म
khanikarma,खानीकर्मा,खनिकर्म
khanikarmi,खाणकार्मी,खनिकर्म
khapat,खपपत,खपत
khariya,खरिया,खरिया
khalnayak,खलनायक,खलनायक
khaaskar,खासकर,ख़ासकर
khaskar,खस्कर,ख़ासकर
khaastaur,खास्तौर,ख़ासतौर
khastaur,खस्तौर,ख़ासतौर
khaibar,खैबरयय,ख़ैबर
khyber,खेबरययू,ख़ैबर
khaein,खाएं,खाएं
khaen,खाएं,खाएं
khayen,खायें,खाएं
khaate,खाते,खाते
khaatey,खाते,खाते
khate,खाते,खाते
khal,खाल,खाल
khinchakar,खिंचकर,खिंचकर
khinchkar,खिंचकर,खिंचकर
khilana,खिलना,खिलाना
khinchkar,खिंचकर,खींचकर
khuda,खुडा,खुदा
khudai,खुडाई,खुदाई
khurapka,खुरपका,खुरपका
khurpaka,खुरपका,खुरपका
khurasan,खुरसन,खुरासान
khushiyan,खुशियां,खुशियां
khene,खेने,खेने
khaini,खैनी,खैनी
khairati,खैरती,खैराती
khoikhoi,खोखियो,खोईखोई
khoya,खोया,खोया
gangrel,गंग्रेल,गंगरेल
gangaajal,गंगाजाल,गंगाजल
gangajal,गंगाजल,गंगाजल
gandaki,गंदकी,गंडकी
gandki,गंदकी,गंडकी
gandh,गंध,गंध
gandha,गंधा,गंध
gae,गाए,गए
gaye,गाए,गए
gajara,गजरा,गजरा
gajra,गजरा,गजरा
gadkar,गड़कर,गडकर
ganapati,गणपति,गणपति
ganpati,गणपती,गणपति
gatisheel,गतिशील,गतिशील
gatishil,गतिशिल,गतिशील
gatishilata,गतिशिलता,गतिशीलता
gadadhar,गादधार,गदाधर
gammat,गम्मत,गम्मत
gaya,गाया,गया
garibi,गरिबी,गरीबी
garjana,गर्जना,गर्जना
galgand,गैलंंड,गलगंड
gahmagahmi,गहमामहही,गहमागहमी
gemhagehmi,जेहमहेमी,गहमागहमी
ganguly,गंगुल्य,गांगुली
gaanth,गांथ,गांठ
ganth,गंठ,गांठ
gaanthe,गांठे,गांठे
ganthe,गंठे,गांठे
ganthen,गंठें,गांठें
ganthon,गंथों,गांठों
gaen,गाएं,गाएं
gayen,गाएं,गाएं
gazi,गाजी,गाज़ी
gajipur,गाजीपुर,गाजीपुर
gazipur,गाजीपुर,गाजीपुर
gayatri,गायत्री,गायत्री
gayitri,गायित्री,गायत्री
gaytri,गायत्री,गायत्री
gidgidate,गिजिगड़ते,गिड़गिड़ाते
ginate,गिनते,गिनते
ginte,गिंटे,गिनते
girkar,गिरकर,गिरकर
girijaghar,गिरिजघर,गिरजाघर
girjaghar,गिर्जहार,गिरजाघर
girijagharon,गिरजिघारों,गिरजाघरों
girjagharon,गिर्जाघरों,गिरजाघरों
girati,गिरती,गिरती
girti,गिरती,गिरती
girish,गिरिश,गिरीश
guan,गुआं,गुआन
gujar,गुजर,गुजार
gujarata,गुजरता,गुजारता
gujarta,गुजरता,गुजारता
gujarate,गुजरते,गुजारते
gujarte,गुजरते,गुजारते
gujarana,गुजरना,गुजारना
gujarna,गुजरना,गुजारना
gujara,गुजरा,गुजारा
gujare,गुजरे,गुजारे
gutta,गुटता,गुट्टा
gthalidar,गुथलीदार,गुठलीदार
guthalidar,गुथलीदार,गुठलीदार
gudna,गुड़ना,गुदना
gumaan,गुमान,गुमान
guman,गुमान,गुमान
gulshan,गुलशान,गुलशन
gunga,गुंगा,गूंगा
grihnagar,गृहणगार,गृहनगर
gruhnagar,गृहणगर,गृहनगर
galaxion,गैलकक्यों,गैलेक्सियों
galaxiyon,गैल्कियों,गैलेक्सियों
galaxyon,गैलक्सियों,गैलेक्सियों
gochar,गोचर,गोचर
gouchar,गूचर,गोचर
godara,गोडारा,गोदारा
gopichand,गोपिचंद,गोपीचंद
gomake,गोमके,गोमके
gomke,गोमके,गोमके
goel,गोल,गोयल
goyal,गोयल,गोयल
gosvaami,गोस्वामी,गोस्वामी
gosvami,गोस्वमीी,गोस्वामी
goswami,गोस्वमी,गोस्वामी
gaumukh,गौमुख,गौमुख
gomukh,गोमुख,गौमुख
gaumutr,गौमुत्र,गौमूत्र
gaumutra,गौमुत्र,गौमूत्र
gowmutra,गोउमुत्र,गौमूत्र
granthiyaan,ग्रांतियां,ग्रंथियां
granthiyan,ग्रांतियां,ग्रंथियां
grandhiyon,ग्रांधियों,ग्रंथियों
granthiyon,ग्रांतियों,ग्रंथियों
greest,ग्रीस्टट,ग्रीस्ट
greist,ग्रेस्टट,ग्रीस्ट
grist,ग्रिस्ट,ग्रीस्ट
greg,ग्रेग,ग्रेग
granite,ग्रानिट,ग्रेनाइट
grenite,ग्रेनिट,ग्रेनाइट
grandson,ग्रांडसों,ग्रैंडसन
gross,ग्रोसस,ग्रॉस
ghataatop,घटातोप,घटाटोप
ghatatop,घटातोप,घटाटोप
ghataayaa,घटाया,घटाया
ghataya,घटाया,घटाया
ghanakar,घनकर,घनाकार
ghabrahat,घब्रहात,घबराहट
ghasi,घससी,घासी
ghisai,घिसाई,घिसाई
ghisi,घिसी,घिसी
ghise,घिज,घिसे
ghumakkadi,घुमकाकड़ी,घुमक्कड़ी
ghumakkdi,घुमक्कदी,घुमक्कड़ी
ghumakkadon,घुमाककादों,घुमक्कड़ों
ghumakkaron,घुमाककरों,घुमक्कड़ों
ghumakkdon,घुमक्दकों,घुमक्कड़ों
ghummakkadon,घूमकाककारोंं,घुमक्कड़ों
ghumaan,घुमान,घुमाण
ghuman,घुमान,घुमाण
ghoonsa,घूंसा,घूंसा
ghunsa,घुंसा,घूंसा
ghongha,घोंघा,घोंघा
ghontane,घोंटने,घोंटने
ghontne,घोंटने,घोंटने
ghot,घोट,घोट
ghodi,घोड़ी,घोड़ी
ghost,घोस्ट,घोस्ट
changul,चंगुल,चंगुल
chand,चंंड,चंद
chandan,चंदन,चंदन
chandana,चंदना,चंदन
chandu,चंंदु,चंदू
chandon,चंदों,चंदों
chandrabali,चंद्रबाली,चंद्रबली
chandramaon,चंद्रमाओं,चंद्रमाओं
chakatte,चकतते,चकत्ते
chaktte,चक्तते,चकत्ते
chakkar,चक्कर,चक्कर
chkkar,चक्कर,चक्कर
chakshu,चक्षु,चक्षु
chatagaon,चट्गाओं,चटगांव
chatgaon,चटगगाओं,चटगांव
chadhane,चढ़ने,चढ़ने
chadhne,चढ़ने,चढ़ने
chaturdik,चातुर्दिक,चतुर्दिक
chatunshkoniy,चटुंसिकनीू,चतुष्कोणीय
chatushkoniy,चाुस्चिकोणीय,चतुष्कोणीय
chatushkoniya,चाुस्किषणीय,चतुष्कोणीय
channa,चानना,चन्ना
chabate,चबबते,चबाते
chabutare,चाबुटरे,चबूतरे
chabutre,चाबुट्रे,चबूतरे
chamakna,चमकना,चमकना
chamkana,चमकाना,चमकना
charas,चरस,चरस
charit,चारित,चरित
charcha,चर्चा,चर्चा
churcha,चुर्चा,चर्चा
charchaon,चर्चाओं,चर्चाओं
chalenge,चलेंगे,चलेंगे
chlenge,क्लेंगे,चलेंगे
chahunaur,चाहुनुर,चहुंओर
chahunor,चाहुनोर,चहुंओर
chanval,चंवाल,चांवल
chanwal,चंवाल,चांवल
chachaji,चचाजी,चाचाजी
chadar,चड़र,चादर
chadaron,चदारों,चादरों
chadron,चद्रों,चादरों
chan,चान,चान
chanan,चान,चानन
chaplusi,चैपलसी,चापलूसी
chayal,चययल,चायल
char,चार,चार
charon,चारों,चारों
charge,चार्ज,चार्ज
chart,चार्ट,चार्ट
charton,चार्टों,चार्टों
charts,चार्ट्स,चार्ट्स
chaalit,चालित,चालित
chalit,चलित,चालित
chikitsak,चिकित्सक,चिकित्सक
chikitsakon,चिकित्सकों,चिकित्सकों
chikhali,चिखली,चिखली
chiththi,चिठती,चिट्ठी
chitthi,चित्ठी,चिट्ठी
chithhi,चिठी,चिठ्ठी
chiththi,चिठती,चिठ्ठी
chitthi,चित्ठी,चिठ्ठी
chidchidapan,चिड़चिदापन,चिडचिडापन
chidchidapan,चिड़चिदापन,चिड़चिड़ापन
chidhate,चिढ़ते,चिढ़ते
chidhte,चिढ़ते,चिढ़ते
chithrkar,चित्रकर,चित्रकार
chitrkar,चित्रकर,चित्रकार
chipakane,चिपकनने,चिपकने
chipakne,चिपकने,चिपकने
chipkane,चिपकाने,चिपकने
chimati,चिमती,चिमटी
chimti,चिमटी,चिमटी
chillane,चिल्लने,चिल्लाने
chee,चीई,ची
chi,चीई,ची
chuka,चुका,चुका
chune,चूने,चुने
chunar,चुनार,चूनर
changed,चांजेड,चेंज्ड
chetti,चेत्ती,चेट्टी
chennai,चेननाई,चेन्नई
chero,चेरो,चेरो
chest,चेस्ट,चेस्ट
championship,चैंपीपिश,चैंपियनशिप
chor,चोर,चोर
choro,चोरो,चोरों
choron,चोरों,चोरों
chauk,चौक,चौक
chowk,चोक,चौक
chauka,चौका,चौका
chuka,चुका,चौका
chaukiyan,चौकियां,चौकियां
chauki,चौकी,चौकी
chaukhate,चौखते,चौखटे
chauguni,चौगुनी,चौगुनी
chauda,चौड़ा,चौड़ा
chaudah,चौदह,चौड़ा
chaudahavan,चौदहवान,चौदहवां
chaudhavan,चौधवान,चौदहवां
chaudhawan,चौद्वान,चौदहवां
chaupati,चौपती,चौपाटी
chupaty,चुपट्टी,चौपाटी
chaupal,चौपल,चौपाल
chaurai,चौराई,चौरई
chausinga,चौसिंगा,चौसिंगा
chausingha,चौसिंह,चौसिंगा
chhagan,छागन,छगन
chhabi,छाबी,छबि
chhalla,छलला,छल्ला
chhallaa,छलला,छल्ला
chhaviyaan,छावियां,छवियाँ
chhaviyan,छावियां,छवियाँ
chhavi,छावी,छवी
cheh,चेह,छह
chhah,छाह,छह
chehon,चेहों,छहों
chhahon,छाहों,छहों
chhai,छाई,छाई
chhagla,छागला,छागला
chhajan,छाजन,छाजन
chhaati,छाती,छाती
chhati,छाटी,छाती
chhaapemaar,छापेमार,छापेमार
chhapemar,छापेमर,छापेमार
chheenk,छींक,छींक
chhink,छिंक,छींक
chink,चिंक,छींक
chenkein,चेंकें,छींके
chhekein,छेकें,छींके
chhinke,छिंके,छींके
chhinky,छिंकी,छींके
chinke,चिंके,छींके
chhudaane,छुड़ने,छुडाने
chhudane,छुड़ने,छुडाने
chhupakar,छुपाकर,छुपकर
chhupkar,छुपकर,छुपकर
chhupkr,छुपक्र,छुपकर
chhupata,छुपता,छुपता
chhupta,छुपटा,छुपता
chhuptaa,छुपटा,छुपता
chhura,छुरा,छुरा
chhuraa,छुरा,छुरा
chhuree,छुरेी,छुरी
chhuri,छुरी,छुरी
chhure,छूरे,छुरे
chhootane,छूटने,छूटने
chhutane,छुटने,छूटने
chhutne,छूटने,छूटने
chheter,छेटर,छेत्र
chhetr,छेत्र,छेत्र
chhetter,छेटर,छेत्र
chhetri,छेत्री,छेत्री
chhetthari,छेत्ठरी,छेत्री
chhetthri,छेत्हरी,छेत्री
chai,चाई,छै
chhai,छाई,छै
chhe,छे,छै
jagaega,जगाएगा,जगाएगा
jagayega,जगाएगा,जगाएगा
jaghaega,जगघागा,जगाएगा
jgaayega,जगाएगा,जगाएगा
jgayegaa,जगाएगा,जगाएगा
jajaon,जजाओं,जजों
jajon,जाजों,जजों
jad,जाद,जड़
jadd,जद्द,जड़
jaddit,जद्धित,जड़ित
jadeite,जड़ेते,जड़ित
jadet,जड़ेत,जड़ित
jadit,जादित,जड़ित
jadein,जादें,जड़ें
jaden,जादें,जड़ें
jatara,जतरा,जतरा
jatra,जात्रा,जतरा
jataati,जताती,जताती
jatatee,जताती,जताती
jatati,जताती,जताती
janagananaa,जननगना,जनगणना
janaganna,जननगनन,जनगणना
jangadnaa,जंगंदा,जनगणना
janganana,जंगनना,जनगणना
janganna,जागननना,जनगणना
janajagran,जनजाग्रण,जनजागरण
janjaagran,जनजाग्रण,जनजागरण
janjagran,जनजाग्रण,जनजागरण
january,जनुरर,जनवरी
janahaani,जनहानी,जनहानि
janahani,जनहानी,जनहानि
janhaani,जनहानी,जनहानि
janhani,जनहानी,जनहानि
jnhaani,जनहानी,जनहानि
jamaate,जमाते,जमाती
jamaati,जमाती,जमाती
jamati,जमाती,जमाती
jamaaya,जमाया,जमाया
jamaeya,जमाया,जमाया
jamaya,जमाया,जमाया
jamayaa,जमाया,जमाया
jamuai,जमूईईयू,जमुई
jamuei,जमूई,जमुई
jamui,जमूई,जमुई
jai,जई,जय
jay,जय,जय
jaidayal,जैयदाल,जयदयाल
jayadayal,जयदयाल,जयदयाल
jaydayal,जयदयाल,जयदयाल
jaibaan,जैबान,जयबाण
jaiban,जैबान,जयबाण
jaybaan,जययबन,जयबाण
jayalalita,जयललिता,जयललिता
jayalalitaa,जयललिता,जयललिता
jayalalithaa,जयललिता,जयललिता
jaylalita,जयललिता,जयललिता
jarakh,जराख,जरख
zarakh,जराख,जरख
jarda,जर्दा,जर्दा
jardaa,जरदा,जर्दा
zarda,जरदा,जर्दा
jalagati,जलगती,जलगति
jalgati,जलगती,जलगति
jalgti,जलगती,जलगति
jalte,जलते,जलते
jalbharav,जलभाव,जलभराव
jalbhraav,जलभ्रवा,जलभराव
jalbhrav,जलभ्रव,जलभराव
jalvaayu,जलवायु,जलवायु
jalvayu,जलवायु,जलवायु
jalesar,जलेसर,जलेसर
jasmeet,जसमीत,जसमीत
jasmit,जस्मित,जसमीत
jassee,जससी,जस्सी
jassi,जससी,जस्सी
jamaanaa,जमाना,ज़माना
jamana,जमाना,ज़माना
zamaanaa,जमाना,ज़माना
zamana,जमाना,ज़माना
jaljale,जलजले,ज़लज़ले
zalzale,जलजलाे,ज़लज़ले
zee,जी,ज़ी
jubaan,जुबान,ज़ुबान
juban,जुबान,ज़ुबान
zuban,जुबान,ज़ुबान
jaanch,जांच,जाँच
jaaunch,जाऊंच,जाँच
janch,जांच,जाँच
jaunch,जांच,जाँच
jaagriti,जाग्तिी,जागृति
jagriti,जगगरीति,जागृति
jagruti,जगगरती,जागृति
jajamau,जजामऊ,जाजमऊ
jajmau,जजमाऊ,जाजमऊ
jajmauu,जजमाऊ,जाजमऊ
jaat,जात,जात
jat,जत,जात
jaatak,जातक,जातक
jatak,जातक,जातक
jaatakon,जातकों,जातकों
jaatkon,जातकों,जातकों
jatakon,जातकों,जातकों
jaatiyon,जातियों,जातियों
jatiyon,जातियों,जातियों
jaankaaron,जानकारों,जानकारों
jaankaron,जानकरों,जानकारों
jankaron,जनकरों,जानकारों
jaanam,जानम,जानम
janam,जनाम,जानम
jaayke,जायके,जायके
jayke,जायके,जायके
jaawar,जावर,जावर
zawar,ज़वर,जावर
jing,जिंग,जिंग
gin,गीन,जिन
jeen,जीन,जिन
jin,जीन,जिन
ginee,गिनी,जिनी
jinee,जिनी,जिनी
jini,जिनी,जिनी
geneva,जेनेवा,जिनीवा
jeneva,जेनेवा,जिनीवा
jiniva,जिनिवा,जिनीवा
gypsy,ज्ञिप्सी,जिप्सी
jimme,जिममे,जिम्मे
jiya,जिया,जिया
gic,गीसीसी,जीआईसी
gr,गीआर,जीआर
gm,जीएम,जीएम
gsm,जीएसएम,जीएसएम
gtod,गोतोड़,जीतोड़
gtor,गोरयूयूर्य,जीतोड़
jeetod,जीतोद,जीतोड़
jitod,जितोड़,जीतोड़
jean,जीन,जीन
jeen,जीन,जीन
jin,जीन,जीन
jeenon,जीनों,जीनों
jinon,जिनों,जीनों
jeepney,जीपने,जीपनी
jipani,जीपनी,जीपनी
jeeyo,जीयो,जीयो
jio,जियो,जीयो
jiyo,जियो,जीयो
jeera,जीरा,जीरा
jira,जीरा,जीरा
jeevant,जीवंत,जीवंत
jivant,जीवंत,जीवंत
jeevan,जीवन,जीवन
jeewan,जीवन,जीवन
jivan,जीवन,जीवन
jiwan,जीवन,जीवन
jeevanshaili,जीवनंशलली,जीवनशैली
jivanshaili,जीवनंशलली,जीवनशैली
jeevniyaan,जीवनियां,जीवनियां
jivaniya,जीवनीय,जीवनियां
jivaniyaan,जीवानियां,जीवनियां
jivaniyan,जीवनियां,जीवनियां
jeevraaj,जीवराज,जीवराज
jivraj,जीवराज,जीवराज
jua,जूआयू,जुए
jue,जूए,जुए
juye,जुए,जुए
jutee,जूटी,जुटी
juti,जूटी,जुटी
judaai,जुडाई,जुड़ाई
judae,जुडाई,जुड़ाई
judai,जुडाई,जुड़ाई
judaai,जुडाई,जुदाई
judai,जुडाई,जुदाई
junoon,जुनून,जुनून
junun,जुनून,जुनून
junooni,जुनूनी,जुनूनी
jununi,जुनुनी,जुनूनी
jubair,जुबैर,जुबेर
juber,जुबरययूर,जुबेर
zubair,ज़ुबैर,जुबेर
juraab,जुराब,जुराब
jurab,जुराब,जुराब
julaahon,जुलाहों,जुलाहों
julahon,जुलाहों,जुलाहों
julmon,जुलमों,जुल्मों
zulmon,जुलमों,जुल्मों
jood,जूड,जूड
jud,जुड,जूड
junagadh,जुनागढ़,जूनागढ
junagarh,जुनागढ़,जूनागढ
junior,जुनियर,जूनियर
jealous,जीलूस,जूलूस
juloos,जुलूस,जूलूस
julus,जुलूस,जूलूस
jetha,जेठा,जेठा
jenner,जेननेरय,जेनर
generic,जेनेरिक,जेनरिक
jenrick,जेनरिक,जेनरिक
generat,जनरेट,जेनरेट
generate,जनराेट,जेनरेट
jenee,जेनी,जेनी
jenni,जेननी,जेनी
jenny,जेननी,जेनी
james,जमेस,जेम्स
jeremy,जररेमी,जेरेमी
gerome,जररम,जेरोम
jerome,जररमम,जेरोम
jacks,जैक्स,जैक्स
jain,जेन,जैन
gene,जेन,जैने
jaine,जाने,जैने
jaino,जैनो,जैनों
jainon,जैनों,जैनों
jerry,जररी,जैरी
jasper,जसपेरय,जैस्पर
jogging,जोगिंगग,जॉगिंग
johnson,जॉनसन,जॉनसन
jobs,जॉब्स,जॉब्स
jockey,जोकी,जोकि
joki,जोकी,जोकि
jokhim,जोखिम,जोखिम
joddta,जोड़ता,जोड़ता
jodta,जोड़ता,जोड़ता
jorhta,जोरहता,जोड़ता
jodiyon,जोडियों,जोड़ियों
jodo,जोडो,जोड़ो
jaun,जाउं,जौं
gyatavya,ज्ञातव्य,ज्ञातव्य
gyatvy,ज्ञात्व्यय,ज्ञातव्य
gyapit,ज्ञापित,ज्ञापित
jyotiba,ज्योतिबा,ज्योतिबा
joint,जोइंट,ज्वाइंट
jvar,ज्वर,ज्वार
jwar,ज्वर,ज्वार
jvaaron,ज्वारों,ज्वारों
jvaron,ज्वारों,ज्वारों
jwaron,ज्वारों,ज्वारों
jewellers,ज्वेलर्स,ज्वेलर्स
jh,झएच,झ
jha,झा,झ
jhalakti,झलकती,झलकती
jhalkati,झलकती,झलकती
jhalla,झल्ला,झल्ला
jhankana,झंकना,झांकना
jhankna,झांकना,झांकना
jheel,झील,झील
jhil,झिल,झील
jheelon,झीलों,झीलों
jhilon,झिलों,झीलों
jhuthala,झूठाा,झुठला
jhuthla,झुठला,झुठला
jhuthalane,झुठलाने,झुठलाने
jhuthlane,झुठलाने,झुठलाने
tankaar,टंकार,टंकार
tankar,टंकर,टंकार
takara,टकरा,टकरा
takra,टकरा,टकरा
takaraon,टकराओं,टकरावों
takravon,तक्रवों,टकरावों
tapakti,तपाकती,टपकती
tapkati,तपकाती,टपकती
time,टाइम,टाइम
timer,टाइमर,टाइमर
taoo,टाऊ,टाऊ
tau,ताऊ,टाऊ
tapoowo,तापूो,टापुओं
tapuon,तापुओं,टापुओं
tapuwo,तापुो,टापुओं
tied,टाइड,टायर्ड
tired,टारेड,टायर्ड
tyred,टायर्ड,टायर्ड
tarch,तर्च,टार्च
torch,टोर्च,टार्च
tik,टीक,टिक
teap,टीप,टिप
tip,टीपप,टिप
tippanikar,टिप्पानकर,टिप्पणीकार
tippnikar,टिप्पनीकार,टिप्पणीकार
tivolee,टिवोली,टिवोली
tivoli,तिवोली,टिवोली
teekamgarh,तीकामगढ़,टीकमगढ़
tikamgarh,तिकागढ़,टीकमगढ़
teekon,टीकों,टीकों
tikon,टिकों,टीकों
two,ट्वो,टु
tension,टैंसन,टेंशन
tenis,टेनिस,टेनिस
tennis,टैनिस,टेनिस
taste,तससते,टेस्ट
test,टेस्ट,टेस्ट
tasting,तस्टिंग,टेस्टिंग
testing,टेस्टिंग,टेस्टिंग
tainin,तैनिन,टैनिन
tenin,टेनिन,टैनिन
tanish,तनीश,टैनिस
tennis,टैनिस,टैनिस
taboo,तबू,टैबू
taiboo,टैबू,टैबू
taobao,टाबाओ,टैबू
tonic,टोनिक,टॉनिक
tonga,टोंगा,टोंगा
toka,टोका,टोका
tuesday,तुयस्डे,ट्यूजडे
tuning,ट्यूनिंग,ट्यूनिंग
tuberculosis,ट्यूब्लारिसस,ट्यूबरक्यूलोसिस
tuberkyulosis,टर्बेक्याजियस,ट्यूबरक्यूलोसिस
truck,ट्रॉक,ट्रक
trangistor,ट्रांगिट्र,ट्रांजिस्टर
tranjister,ट्रांसिजरटर,ट्रांजिस्टर
transistor,ट्रांसिस्टर,ट्रांजिस्टर
transfer,ट्रांसफर,ट्रान्सफर
tribunal,त्रिबूनल,ट्रिब्युनल
tribunal,त्रिबूनल,ट्रिब्यूनल
trubyunal,ट्रुब्यनलल,ट्रिब्यूनल
truth,तृथ,ट्रुथ
tuth,टुथ,ट्रुथ
traded,ट्रेडेड,ट्रेडेड
trabal,ट्रेबल,ट्रेबल
trebal,ट्रेबल,ट्रेबल
trouble,ट्रॉबल,ट्रेबल
traip,ट्रैप,ट्रैप
trap,ट्रैप,ट्रैप
trot,ट्रॉट,ट्रॉट
trott,ट्रॉटट,ट्रॉट
thakkar,ठककर,ठक्कर
thakkr,ठक्कर,ठक्कर
thaharne,ठहराने,ठहरने
thahrane,ठहराने,ठहरने
theharne,ठहराने,ठहरने
thikane,ठिकने,ठिकाने
thumari,थुमारी,ठुमरी
thumri,थुमरीी,ठुमरी
theinga,ठेंगा,ठेंगा
thenga,ठेंगा,ठेंगा
thengaa,ठेंगा,ठेंगा
daglas,डाल्स,डगलस
douglas,डॉल्स,डगलस
dabhara,दभरा,डभरा
dabhra,दभरा,डभरा
dabhoi,दभोई,डभोई
dam,डमएम,डम
dum,दु,डम
darate,दरते,डराते
daratey,दरतेे,डराते
daravani,दरवानी,डरावनी
darawani,दरवानी,डरावनी
dravani,द्रावनी,डरावनी
down,डान,डाउन
daak,दाक,डाक
dak,दक,डाक
daka,दका,डाका
dabi,दबी,डाबी
dabolim,डबबोलिम,डाबोलिम
dinosaur,डायनोसर,डायनासोर
diaries,डायरिस,डायरीज
dit,डीट,डिट
depthiriya,देप्तिरिया,डिप्थीरिया
diphtheria,दिप्ेरिया,डिप्थीरिया
de,डे,डीई
dealership,डीलर्शिप,डीलरशिप
dvc,डीवीडीसी,डीवीसी
dubaana,दूबाना,डुबाना
dubana,दूबाना,डुबाना
dubona,डूबोना,डुबोना
dulne,दुलने,डुलने
doonarpur,दूनारपुर,डूंगरपुर
doongarpur,दूंगपपुर,डूंगरपुर
dungarpur,दुनगरपुर,डूंगरपुर
dungerpur,डुन्रपपुर,डूंगरपुर
dubana,दूबाना,डूबना
dubna,डूबना,डूबना
dangerous,डांगररस,डेंजरस
daisy,डैस्य,डेजी
dazy,दाज्य,डेजी
deji,देजी,डेजी
deputy,डिप्टी,डेप्युटी
davidson,द्विडनों,डेविडसन
devidson,डेविडनन,डेविडसन
davey,दववे,डेवी
devi,देवी,डेवी
dewey,देवे,डेवी
destination,डिस्टिशनें,डेस्टिनेशन
datson,दत्सों,डैटसन
datsun,दत्ुन,डैटसन
daddy,दद्द्यय,डैडी
dark,दर्क,डॉर्क
dork,डोर्क,डॉर्क
dose,डोस,डोज
domenic,डोमेनिक,डोमेनिक
doranda,डोरंडा,डोरंडा
dolane,डोलने,डोलने
dolne,डोलने,डोलने
dual,दुआल,ड्युअल
duak,दुक,ड्यूक
duke,डुके,ड्यूक
drame,ड्रेम,ड्रामे
dramen,ड्रमेन,ड्रामे
drager,ड्रेगर,ड्रेजर
dredger,ड्रेगर,ड्रेजर
dreijer,ड्रिजर,ड्रेजर
dhakaal,ढकाल,ढकाल
dhakal,ढकाल,ढकाल
dhakkal,ढक्कल,ढकाल
dhkal,ढकाल,ढकाल
dhale,ढाले,ढले
dhoondh,धूंध,ढूंढ
dhundh,धुंध,ढूंढ
dhoondhata,ढूंढाता,ढूंढता
dhundhata,ढूंढाता,ढूंढता
dhundhta,धूंधता,ढूंढता
dhoondhi,ढूंधी,ढूंढी
dhundhi,धुंधी,ढूंढी
tanjavur,तंजावुर,तंजावुर
thanjavur,तंजावुर,तंजावुर
tantr,तंत्र,तंत्र
tantra,तंत्रा,तंत्र
tantrikao,तंत्रिकाओं,तंत्रिकाओं
tantrikaon,तंत्रिकाओं,तंत्रिकाओं
tantro,तंत्रों,तंत्रों
tantron,तंत्रों,तंत्रों
tagade,टागड़े,तगड़े
tagde,टैडगे,तगड़े
tadipaar,तदिपार,तड़ीपार
tadipar,तदिपार,तड़ीपार
tani,तनी,तनी
tapan,तपान,तपन
tarafa,तरफा,तरफा
tarfa,तरफा,तरफा
tarabganj,तरबंगजज,तरबगंज
taras,तरस,तरस
taraash,तराश,तराश
tarash,तररश,तराश
tarashay,तराशय,तराशे
tarashe,तररशे,तराशे
tareeko,तरीको,तरीको
tariko,तारिको,तरीको
tark,तर्क,तर्क
tarkvaad,तर्कवाड़,तर्कवाद
tarkvad,तर्कवाद,तर्कवाद
tarkwaad,तर्कवाड़,तर्कवाद
tarko,तर्कों,तर्कों
tarkon,तरकों,तर्कों
talabgaar,तलबागार,तलबगार
talabgar,तलबगगर,तलबगार
talbagaar,तलबागार,तलबगार
talbagar,तलबागर,तलबगार
talawe,तलवेे,तलवे
talve,तलवेे,तलवे
talawon,तलववों,तलवों
talvon,तलवों,तलवों
tahakhana,तहखना,तहखाना
tahkhaana,तहखना,तहखाना
tahkhana,तहखना,तहखाना
taantaa,तांता,तांता
tanta,तंता,तांता
tambe,तंबे,तांबे
tanbe,टैंबे,तांबे
taaja,ताजा,ताजा
taajaa,ताजा,ताजा
taaza,ताजा,ताजा
taja,तजा,ताजा
taza,तजजा,ताजा
tansen,टांसेन,तानसेन
taapmaanon,ताप्ामों,तापमानों
tapmano,तापमानों,तापमानों
tapmanon,तापमानों,तापमानों
taapti,तापती,ताप्ती
tapti,तपपती,ताप्ती
tarabai,तरबाई,ताराबाई
taseer,तसीर,तासीर
tasir,तसीरययू,तासीर
taahi,ताही,ताहि
tahi,तही,ताहि
tikone,टिकोन,तिकोने
tirupati,तिरूपति,तिरूपति
tiwari,तिवारी,तिवारी
ti,ती,ती
teer,टीर,तीर
tir,तीर,तीर
teeron,तीरों,तीरों
tiron,तिरों,तीरों
tirthatan,तीर्थतन,तीर्थाटन
tungnath,तुनगनाथ,तुंगनाथ
tughlaq,तुग्ाक,तुगलक
tuglak,तुगलल,तुगलक
tughlakabad,तुलुकाबाद,तुगलकाबाद
tughlaqabad,तुल्ताबाद,तुगलकाबाद
tuglakabad,तुल्दाबाब,तुगलकाबाद
tugalaki,तुगलाकी,तुगलकी
tugalki,तुगलकी,तुगलकी
tuglaki,तुगललकी,तुगलकी
tufail,टुफले,तुफैल
tejaji,तेजाजी,तेजाजी
teji,तेजी,तेजी
tel,टेल,तेल
telon,टेलों,तेलों
to,टो,तो
toh,टोह,तो
taul,ताल,तौल
tyohaar,त्योहार,त्यौहार
tyohar,त्योहर,त्यौहार
tyoihar,ट्योथार,त्यौहार
tyauharon,त्याहूरों,त्यौहारों
tyoharon,त्योहारों,त्यौहारों
tyoiharon,त्योहारों,त्यौहारों
trijata,त्रीजता,त्रिजटा
trijta,तृजता,त्रिजटा
triya,त्रिया,त्रिया
tremasik,ट्रेमेसिक,त्रैमासिक
trimasik,त्रिमासिक,त्रैमासिक
tse,ट्स,त्से
thaki,ठकी,थकी
thki,थकी,थकी
tharti,थर्ती,थर्टी
thirty,थर्टी,थर्टी
thane,थने,थाणे
thaanvi,ठानवी,थानवी
thanvi,ठनवी,थानवी
theateron,थीरें,थिएटरों
theatron,थीयरों,थिएटरों
theaters,थीटर्स,थिएटर्स
theater,थीटर,थियेटर
theatre,ठीत्रे,थियेटर
theateron,थीरें,थियेटरों
theatron,थीयरों,थियेटरों
thitron,ठित्रों,थियेटरों
theaters,थीटर्स,थियेटर्स
theatrs,ठीयर्स,थियेटर्स
thiyeters,थियाट्टर्स,थियेटर्स
thirake,थीरके,थिरके
thirke,ठिरके,थिरके
thief,ठीफ,थीफ
then,ठेन,थेन
theni,ठेनी,थेनी
thailee,थैली,थैली
thaili,थैली,थैली
thaile,थैले,थैले
dang,डांग,दंग
danga,दंगा,दंगा
dangon,डांगों,दंगों
dampati,दंपती,दंपति
danpati,दांपती,दंपति
dampatiyon,दंपमतियों,दंपतियों
dampattiyon,दंपत्तियों,दंपतियों
danptiyon,दांपतियों,दंपतियों
dadreva,दददरेवा,ददरेवा
dadrewa,ददरेया,ददरेवा
damoh,दमोह,दमोह
dardara,दरदारा,दरदरा
dardraa,दरद्रा,दरदरा
durdhara,दुर्धारा,दरदरा
darmiyaan,दर्मियां,दरमियान
darmiyan,दर्मियां,दरमियान
darjano,दर्जनों,दर्जनों
darjanon,दर्जनों,दर्जनों
darp,डरर्प,दर्प
darra,दररा,दर्रा
dalbadal,दलबदलल,दलबदल
dalbadl,दलबदल,दलबदल
dali,दाली,दली
dastaanaa,दस्ताना,दस्ताना
dastana,दस्ताना,दस्ताना
dastavej,दस्तवाज,दस्तावेज
dahan,दहान,दहन
dahal,दहल,दहल
da,डाएएयू,दा
daakhil,दाखिल,दाखिल
dakhil,दखील,दाखिल
daakhile,दाखीले,दाखिले
dakhile,दखीले,दाखिले
daataa,दाता,दाता
data,दाता,दाता
dadari,ददारी,दादरी
daanshil,दानशील,दानशील
danshil,दंशील,दानशील
daabholkar,दाभोकर,दाभोलकर
dabholkar,दाभोकर,दाभोलकर
damale,दमले,दामले
damle,डमले,दामले
dayitv,दायत्तव,दायित्व
dayitva,दायित्व,दायित्व
dayitwa,दायतिव्व,दायित्व
dayitvon,दायित्वों,दायित्वों
dayityon,दायितयों,दायित्वों
darul,दरुल,दारूल
daav,दाव,दाव
daaw,दाव,दाव
dav,डावी,दाव
daw,डा,दाव
daah,दाह,दाह
dah,दह,दाह
dikhla,दिखला,दिखला
dikhlaa,दिखला,दिखला
dikhaaiye,दिखाइए,दिखाइये
dikhaiye,दिखाइए,दिखाइये
dikhaai,दिखाई,दिखाई
dikhai,दिखाई,दिखाई
dikhayi,दिखाई,दिखाई
dikhaaee,दिखाई,दिखाईं
dikhaai,दिखाई,दिखाईं
dikhaain,दिखाइन,दिखाईं
dikhaee,दिखाई,दिखाईं
dikhai,दिखाई,दिखाईं
dikhayin,दिखाइयों,दिखाईं
dikhai,दिखाई,दिखायी
dikhayi,दिखाई,दिखायी
dikhaai,दिखाई,दिखार्इ
dikhae,दिखाई,दिखार्इ
dikhai,दिखाई,दिखार्इ
dikhayi,दिखाई,दिखार्इ
dita,दीता,दिता
ditaa,दिता,दिता
dinaank,दीनांक,दिनांक
dinank,दीनांक,दिनांक
dirham,दीरहहम,दिरहम
dilaaye,दिलाए,दिलाये
dilaye,दिलाए,दिलाये
deewani,दीवानी,दिवानी
diwani,दीवानी,दिवानी
divy,दिव्य,दिव्य
divya,दिव्यय,दिव्य
divyata,दिव्यता,दिव्यता
divya,दिव्यय,दिव्या
deepan,दीपान,दीपन
deepn,दीप्न,दीपन
dipan,दीपान,दीपन
deepsingh,दीपिसंह,दीपसिंह
dipsingh,डिपिंग,दीपसिंह
deepika,दीपिका,दीपिका
dipika,दीपिका,दीपिका
deeya,दीया,दीया
diya,दिया,दीया
dukaanon,दुकानों,दुकानों
dukanon,दुकानों,दुकानों
dukke,दुक्के,दुक्के
dukhan,दुखन,दुखन
dukhit,दुखित,दुखित
dukhiyon,दुखियों,दुखियों
dukhon,दूखों,दुखों
dubhashiyon,दुभाषियों,दुभाषियों
durgun,दुर्गुन,दुर्गुण
durghatna,दुर्घनता,दुर्घटना
durghtna,दुर्घनता,दुर्घटना
duneerti,दुन्रीती,दुर्नीति
durniti,दूर्णिती,दुर्नीति
durbhiksh,दुरभीभ्ष,दुर्भिक्ष
duvidhaaen,दुविधाएं,दुविधाएं
duvidhaayein,दुविधाएंे,दुविधाएं
duvidhaen,दुविधाएं,दुविधाएं
duwaidhaayein,दुवाधाएंे,दुविधाएं
dune,दूने,दूने
doordarshan,दूरदर्शन,दूरदर्शन
durdarshan,दूरदर्शन,दूरदर्शन
dradh,द्रधध,दृढ़
dridh,दृद्ध,दृढ़
dekhoge,देखोगे,देखोगे
denevaali,देनेवाली,देनेवाली
denevali,देनेवाली,देनेवाली
denewaali,देनेवाली,देनेवाली
denewali,देनेवाली,देनेवाली
deonar,दियोनययू,देवनार
devnaar,देवनार,देवनार
devnar,देवनार,देवनार
devaapur,देवापुर,देवापुर
devapur,देवापुर,देवापुर
devi,देवी,देवी
devisingh,डिविजिं,देवीसिंह
devisinh,डिविजें,देवीसिंह
deshkaal,देशकाल,देशकाल
deshkal,देशकाल,देशकाल
deshke,देशके,देशके
desai,देसाई,देसाई
doge,डोगे,दोगे
dvadash,द्वदाश,द्वादश
dwaadas,द्वददस,द्वादश
dvivedi,द्वेवेदी,द्विवेदी
dwivedi,द्वेवेदी,द्विवेदी
dhande,धंंडे,धंधे
dhandhe,धंधे,धंधे
dhndhe,ढंधे,धंधे
dhandhon,धंधोंं,धंधों
dhandon,धंंडों,धंधों
dhakelte,ढकेलते,धकेलते
dhkelate,ढकेलते,धकेलते
dhatana,धातना,धटना
dhatna,धातना,धटना
dhankuber,धनकूबर,धनकुबेर
dhanadhany,धनाधन्य,धनधान्य
dhandhaanya,धंधान्य,धनधान्य
dhandhany,धंधनन्य,धनधान्य
dhandhanya,धंधनन्य,धनधान्य
dhamkaataa,धमकाता,धमकाता
dhamkata,धमकाता,धमकाता
dhamm,धम्म,धम्म
dhamma,धम्मा,धम्मा
dhammaa,धममा,धम्मा
dharmnath,धर्मनाथ,धर्मनाथ
dharmraj,धर्मराज,धर्मराज
dharmesh,धर्मेश,धर्मेश
dhasmaanaa,धसमाना,धस्माना
dhasmana,धसमाना,धस्माना
dhaak,ढाक,धाक
dhak,ढक,धाक
dhaaga,ढागा,धागा
dhaagaa,ढागा,धागा
dhaga,ढागा,धागा
dhaatuein,धातुएं,धातुएं
dhaatuyein,धातुयें,धातुएं
dhtuen,धतुयों,धातुएं
dhaarak,धारक,धारक
dharak,धरक,धारक
dhaari,धारी,धारी
dhari,धारी,धारी
dhuan,धुआन,धुआं
dhunaai,धुनाई,धुनाई
dhunai,धुनाई,धुनाई
dhuriya,धूरिया,धुरिया
dhuriyaa,धुरिया,धुरिया
dhuni,धुनी,धूनी
dhairyavaan,धैर्यवान,धैर्यवान
dhairyawan,धैर्यवान,धैर्यवान
dhiryavan,धिर्यवान,धैर्यवान
dhiryawaan,धिर्यवान,धैर्यवान
dhokebaaj,धोकेबाज,धोखेबाज
dhokebaaz,धोखेबाज,धोखेबाज
dhokebaj,धोकेबाज,धोखेबाज
dhokebaz,धोखेबाज,धोखेबाज
dhokhebaaj,धोखेबाज,धोखेबाज
dhokhebaj,धोखेबाज,धोखेबाज
dhona,ढोना,धोना
dhonaa,धोना,धोना
dhoraaji,धोराजी,धोराजी
dhoraji,धोराजी,धोराजी
dhoron,धोरों,धोरों
dhyeyavaadi,ध्ययवादी,ध्येयवादी
dhyeywadi,ध्ययवादी,ध्येयवादी
dyeyvadi,द्यायवादी,ध्येयवादी
dhrupad,ध्रूपद,ध्रुपद
drupad,दृपदाद,ध्रुपद
nandanvan,नंदनवान,नंदनवन
nadsa,नदसा,नक्सल
naksal,नकसाल,नक्सल
naxal,नक्सल,नक्सल
naksalavaad,नकस्लवाद,नक्सलवाद
naksalwaad,नकस्ववाद,नक्सलवाद
naksalwad,नकस्लवाद,नक्सलवाद
naxalvaaad,नक्शाावाद,नक्सलवाद
naxalwaad,नक्सावाद,नक्सलवाद
naksaliyon,नक्सलियों,नक्सलियों
naxaliyon,नक्लाइयों,नक्सलियों
naksali,नकसाली,नक्सली
naxali,नक्शली,नक्सली
nagaada,नगाड़ा,नगाड़ा
nagaadaa,नगादा,नगाड़ा
nagaaraa,नगारा,नगाड़ा
nageene,नगीने,नगीने
nagine,नागीन,नगीने
najarandaaj,नजरांदाज,नजरंदाज
najarandaaz,नजरंदाज,नजरंदाज
nazarandaaj,नजरअंदाज,नजरंदाज
nazarandaaz,नजरंदाज,नजरंदाज
nazarandaz,नज़रंदाज़,नजरंदाज
najraane,नजराने,नजराने
nazraane,नज़राने,नजराने
najariyon,नज़रियों,नजरियों
najriyon,नजरियों,नजरियों
najron,नजररों,नजरों
najeeb,नजीब,नजीब
najib,नजीब,नजीब
najibabaad,नजीबाबाद,नजीबाबाद
najibabad,नजीबाबाद,नजीबाबाद
najeem,नजीम,नजीम
najim,नजीम,नजीम
nazeem,नजीम,नजीम
nana,नाना,नना
nanaa,नना,नना
nna,ननएएयू,नना
nanhe,ननहे,नन्हें
nanhein,नैहेें,नन्हें
nabj,नबबज,नब्ज़
nabja,नबबा,नब्ज़
nabz,नब्ज,नब्ज़
namkeen,नमकीन,नमकीन
namkin,नमकीन,नमकीन
narnaari,नर्नारी,नरनारी
narnari,नर्नारी,नरनारी
narbhakshi,नर्भकीषी,नरभक्षी
naram,नारम,नरम
narm,नर्म,नरम
narmi,नर्मी,नरमी
narsanhar,नरसंहर,नरसंहार
narsanharon,नरसंहरों,नरसंहारों
november,नॉंबरय,नवंबर
navketan,नवकेतन,नवकेतन
navjaagaran,नवजागरणण,नवजागरण
navjagran,नवजाग्रण,नवजागरण
navdha,नवधा,नवधा
navvadhoo,नववाधु,नववधू
navvadhu,नववाधु,नववधू
nava,नवा,नवा
navaa,नवा,नवा
navate,नवाते,नवाते
navanagar,नवानगर,नवानगर
nawanagar,नवानगर,नवानगर
navya,नव्य,नव्या
naseem,नसीम,नसीम
nasim,नसीम,नसीम
nights,नाइट्सस,नाइट्रस
nitrous,निट्रस,नाइट्रस
nineteez,निनेतीजज,नाइनटीज
nineties,निनेटिस,नाइनटीज
ninties,निंटीस,नाइनटीज
nau,ना,नाऊ
nauu,नाऊ,नाऊ
naakaam,नाकमम,नाकाम
nakam,नकम,नाकाम
naagrik,नागरिक,नागारिक
nagarik,नागरिक,नागारिक
nagrik,नगगरिक,नागारिक
nagin,नगीन,नागिन
nadep,नेदेप,नाडेप
nanak,नाक,नानक
nanavati,नानवती,नानावती
napane,नापने,नापने
napne,नापने,नापने
napa,नापा,नापा
naam,नाम,नाम
naamdhari,नामधारी,नामधारी
namdhari,नमधारी,नामधारी
namankano,नमांकों,नामांकनों
namankanon,नमांकनों,नामांकनों
namavaliyon,नमावलियों,नामावलियों
naamo,नामो,नामो
namo,नमो,नामो
nayak,नायक,नायक
naraji,नारजी,नाराजी
naraingarh,नारंगढ़,नारायणगढ़
narayangadh,नारायंढढ़,नारायणगढ़
narayangarh,नारायंढ़,नारायणगढ़
naasar,नासर,नासर
nahargadh,नहरगढ़,नाहरगढ
nahargarh,नहारगढ़,नाहरगढ
nikalegi,निकालेगी,निकलेगी
nikalogi,निकालोगी,निकलेगी
nikaalani,निकालनी,निकालनी
nikaalni,निकालनी,निकालनी
nikalani,निकालनी,निकालनी
nikalni,निकालनी,निकालनी
nicki,निकी,निकी
nicky,निकी,निकी
niki,निकी,निकी
niketan,निकेतन,निकेतन
nikhar,निखार,निखर
nikhari,निखाी,निखरी
nigar,निगर,निगर
nigger,नाइगर,निगर
nichala,निचला,निचला
nichalaa,निचाला,निचला
nichla,निचला,निचला
nitiyon,नितियों,नितियों
nitya,नित्य,नित्या
nityaa,नित्या,नित्या
nidhaan,निधान,निधान
nidhan,निधान,निधान
nipatara,निपटारा,निपटारा
niptaara,निपटारा,निपटारा
niptaaraa,निपटारा,निपटारा
niptara,निपटारा,निपटारा
niyanta,नियंता,नियंता
niyantaa,नियंता,नियंता
niya,निया,निया
niyaa,निया,निया
nirdeshika,निर्देशिका,निर्देशिका
nirdeshikaa,निर्देशिका,निर्देशिका
nirdhaarit,निर्धारित,निर्धारित
nirdharit,निर्धारित,निर्धारित
nirbaadh,निर्बदध,निर्बाध
nirbadh,निर्बधध,निर्बाध
niveshakartaa,निवेशाकरता,निवेशकर्ता
niveshkarta,निवेशककर्ता,निवेशकर्ता
niveshkartaa,निवेशकर्तता,निवेशकर्ता
nischal,निश्चल,निश्चल
nishchal,निश्चल,निश्चल
nishnaat,निश्नत,निष्णात
nishpaap,निष्पाप,निष्पाप
nihalaani,निहालनी,निहलानी
nihlaani,निहलानी,निहलानी
nihlani,निहलानी,निहलानी
nihaalchand,निहालचंद,निहालचंद
nihalchand,निहालचंद,निहालचंद
neechaaee,नीचाई,नीचाई
nichaai,निचाई,नीचाई
neat,नीत,नीट
neet,नीत,नीट
neetiyon,नीतियों,नीतियों
nitiyon,नितियों,नीतियों
neelagaay,नीलाय,नीलगाय
nilgai,निलगाई,नीलगाय
neelaabh,नीलाभ,नीलाभ
nilaabh,निलाभ,नीलाभ
nilabh,निलाभ,नीलाभ
nuskhe,नुश्चे,नुस्खे
noon,नून,नून
nun,नून,नून
noobiyaa,नूबिया,नूबिया
nubiya,नुबिया,नूबिया
nrityashaili,नृत्यशाली,नृत्यशैली
nrutyashaili,नृत्यशाली,नृत्यशैली
nrityon,नृत्यों,नृत्यों
nrutyon,नृत्यों,नृत्यों
neco,नेको,नेको
neko,नेको,नेको
nectar,नेक्टर,नेक्टर
neg,नेग,नेग
nega,नेगा,नेग
networking,नेटवर्किंग,नेटवर्किग
neto,नेटो,नेटो
neta,नेता,नेता
nemo,नेमो,नेमो
nelsan,नेल्सन,नेल्सन
nelson,नेल्सन,नेल्सन
nations,नटींस,नेशंस
nehara,नेहरा,नेहरा
nehra,नेहरा,नेहरा
naino,नैनो,नैनो
nano,नानो,नैनो
naivedh,नैवेध,नैवेद्य
naivegh,नैवेघी,नैवेद्य
nevedya,नेवेद्य,नैवेद्य
nominate,नोमिनेट,नॉमिनेट
naukari,नौकरी,नोकरी
naukri,नौकरी,नोकरी
nokari,नोकरी,नोकरी
nokri,नोकरी,नोकरी
notes,नोट्स,नोट्स
nora,नोरा,नोरा
nori,नोरी,नोरी
nauner,नॉनरययू,नौनेर
nauvahan,नौवहहन,नौवहन
naushad,नौषद,नौशाद
panchaang,पंचांग,पंचांग
panchang,पंचांग,पंचांग
punchang,पंचंग,पंचांग
punjab,पुंबाब,पंजाब
punjabiyon,पुंजबियों,पंजाबियों
pantar,पंतर,पंटर
panter,पांटर,पंटर
punter,पुंटर,पंटर
pakaayein,पकायें,पकाएं
pakaayen,पकाएं,पकाएं
pakaen,पकाएं,पकाएं
pakayen,पकाएं,पकाएं
pakaude,पाकौड़े,पकौड़े
pakshapat,पक्षापत,पक्षपात
pakshpaat,पक्षपता,पक्षपात
pakshpat,पक्षपत,पक्षपात
pagabadha,पगाबाधा,पगबाधा
pagbadha,पागबभा,पगबाधा
pagalaa,पगला,पगला
pagla,पगला,पगला
pachaataa,पचाता,पचाता
pachata,पचचता,पचाता
patakkar,पटककर,पटककर
patkathaayein,पटकताएंे,पटकथाएं
patkathaein,पटकताएं,पटकथाएं
patkathayen,पटकथाएं,पटकथाएं
patki,पटकी,पटकी
pataraani,पतरानी,पटरानी
patrani,पत्रणी,पटरानी
patavaari,पतवाारी,पटवारी
patwari,पतवारी,पटवारी
pataakshep,पताक्षेप,पटाक्षेप
patachep,पटाचेप,पटाक्षेप
patakshep,पटक्षेप,पटाक्षेप
patiya,पटिया,पटिया
patiyaa,पटिया,पटिया
padaraunaa,पदारौना,पडरौना
padrauna,पद्रौना,पडरौना
padega,पडेगा,पड़ेगा
padegaa,पडेगा,पड़ेगा
padha,पढ़ा,पढ़ा
padhaa,पढ़ा,पढ़ा
padhaataa,पढ़ता,पढ़ाता
padhata,पढ़ता,पढ़ाता
patili,पटीली,पतीली
padamawati,पदमावती,पदमावती
padmavati,पदमावती,पदमावती
padmawati,पद्मावती,पदमावती
padadhikari,पदाधिकारी,पदाधिकारी
panapnaa,पननपा,पनपना
panpana,पनपपना,पनपना
panaamaa,पनामा,पनामा
panama,पनमा,पनामा
paneer,पनीरय,पनीर
pammi,पाम्मी,पम्मी
pammu,पम्मू,पम्मी
pummi,पुम्मीी,पम्मी
pummy,पूम््य,पम्मी
pardesiyon,पररदेशियों,परदेसियों
pardesi,पररदेसी,परदेसी
parva,पर्वा,परवा
parvaa,परवा,परवा
parwa,परवा,परवा
parwaa,परवा,परवा
paraadheen,पराधीन,पराधीन
paraadhin,पराधिन,पराधीन
paradheen,पराधीन,पराधीन
paradhin,पराधिन,पराधीन
parikalpit,परिकालिपत,परिकल्पित
parimal,परिमाल,परिमल
parishad,परिषाद,परिषद
parishadiy,परिशादीय,परिषदीय
parishadiya,परिशादिया,परिषदीय
parishadon,परिशादों,परिषदों
parikhaen,परिखाएं,परीक्षाएं
parikshaayein,परिक्षाएं,परीक्षाएं
parikshaen,परिक्षाएं,परीक्षाएं
parosane,परोसने,परोसने
parosne,परोसने,परोसने
parda,परदा,पर्दा
pardaa,परदा,पर्दा
purple,पूर्पल,पर्पल
palatne,पललतेन,पलटने
paltane,पल्टने,पलटने
palaari,पलारी,पलारी
palari,पललरी,पलारी
pale,पाले,पले
palmonari,पल्लमनी,पल्मोनरी
pulmonary,पूल्मनीरी,पल्मोनरी
plus,प्लुस,पल्स
pulse,पूलसे,पल्स
pashtun,पाष्टुन,पश्तून
pashtuun,पाशुुुन,पश्तून
pahan,पहन,पहन
pehan,पहहान,पहन
pahantaa,पहनता,पहनता
pahnata,पहनाता,पहनता
pehnate,पहनाते,पहनता
pahanate,पहनाते,पहनते
pahante,पहंते,पहनते
pehnate,पहनाते,पहनते
pahnaakar,पहनाकर,पहनाकर
pahnakar,पहनाकर,पहनाकर
pehnakar,पहनकार,पहनाकर
pahnaati,पहनाती,पहनाती
pahnati,पहनती,पहनाती
pehnati,पहनाती,पहनाती
pahani,पहनी,पहनी
pahni,पहनी,पहनी
pehni,पहनी,पहनी
pahno,पहनों,पहनो
pehno,पहनों,पहनो
pahla,पहला,पहला
pahlaa,पहला,पहला
pehla,पहला,पहला
paheliyaan,पहेलियां,पहेलियां
paheliyan,पहेलियां,पहेलियां
paheliyon,पहेलियों,पहेलियों
pide,पीढ़,पाइड
pied,पीडड,पाइड
pythagoras,पिथागोरसस,पाइथागोरस
pythogaras,पिथोगाासस,पाइथागोरस
paakhandi,पाखंडी,पाखंडी
pakhandi,पखंडी,पाखंडी
paathshaalaayein,पाठशालाएं,पाठशालाएं
pathshalayein,पठशालाएं,पाठशालाएं
pathshalayen,पठशालाएं,पाठशालाएं
paathyakram,पाठययक्रम,पाठ्यक्रम
pathyakram,पाठययक्रम,पाठ्यक्रम
pathykram,पाठ्यक्रम,पाठ्यक्रम
paathyakramon,पाठ्यक्रमों,पाठ्यक्रमों
pathyakramon,पाठयक्रमों,पाठ्यक्रमों
pathykramon,पाठ्यकार्मों,पाठ्यक्रमों
population,पोपुलेशन,पापुलेशन
pailot,पैलोट,पायलट
pilot,पीलोट,पायलट
pailoton,पैलोटों,पायलटों
piloton,पिलोटों,पायलटों
paarampariktaa,पारंपपृतता,पारंपरिकता
paramparikata,परंपरिकता,पारंपरिकता
paramparikta,परंपर्िकता,पारंपरिकता
parnel,पर्नेल,पार्नेल
parnell,पर्नेल,पार्नेल
parleron,परलररों,पार्लरों
parloron,परर्लों,पार्लरों
parlouron,परररोलों,पार्लरों
paarshad,पारशद,पार्षद
parshad,पारशद,पार्षद
paarshadon,पारशांदों,पार्षदों
parshadon,परशांदों,पार्षदों
parshdon,पारशदों,पार्षदों
policy,पॉलिसी,पालिसी
pinta,पिंता,पिंटा
pintaa,पिंता,पिंटा
piega,पीगा,पिएगा
piyegaa,पियागा,पिएगा
pic,पीसीसी,पिक
pick,पिक,पिक
pik,पिक,पिक
piki,पीकी,पिकी
piky,पिक्य,पिकी
picture,पिक्चर,पिक्चर
pigmentation,पाइजेंशेशन,पिगमेंटेशन
pigs,पीग्स,पिग्स
pichde,पिछड़े,पिछड़े
pichhade,पिछड़े,पिछड़े
pijja,पिजजा,पिज्जा
pizza,पिज़ाज़,पिज्जा
pitaamaha,पीताहा,पितामह
pitamah,पीतामह,पितामह
pipra,पिप्रा,पिपरा
pipraa,पिप्रा,पिपरा
pipli,पिपली,पिपली
pearson,पीरससन,पियरसन
pierson,पीयरसन,पियरसन
peary,पीरी,पियरी
piyari,पियरी,पियरी
pisaai,पिसाई,पिसाई
pisai,पिसाई,पिसाई
pihaani,पिहानी,पिहानी
pihani,पिहानी,पिहानी
pib,पीब,पीआईबी
pr,पीआर,पीआर
pml,पीएमएल,पीएमएल
pmo,पीएमए,पीएमओ
pmch,पीचीची,पीएमसीएच
psv,पीएसवी,पीएसवी
peaking,पीकिंग,पीकिंग
picking,पिकिंग,पीकिंग
peetne,पीटने,पीटने
pitne,पिटने,पीटने
pedia,पेडिया,पीडिया
pidiya,पीड़िया,पीडिया
pidiyaa,पीड़िया,पीडिया
peelepan,पीलेपन,पीलेपन
pilepan,पिलेपन,पीलेपन
pv,पीवीी,पीवी
pisa,पीसा,पीसा
putla,पुतला,पुतला
putlaa,पुतला,पुतला
putaliyaan,पुतालियां,पुतलियां
putliyan,पुट्लियां,पुतलियां
putaliyon,पुतललियों,पुतलियों
putliyon,पुट्लियों,पुतलियों
putali,पुतली,पुतली
putli,पुटली,पुतली
putale,पुटले,पुतले
putle,पुटले,पुतले
putin,पुटिन,पुतिन
putul,पुतुल,पुतुल
punargathan,पुनर्गाथन,पुनर्गठन
puna,पूना,पुना
puraane,पुराने,पुराने
purane,पूराने,पुराने
puru,पुरु,पुरू
purjon,पूरजों,पुर्जों
purzon,पुरजों,पुर्जों
pulam,पुलाम,पुलम
pushkin,पुष्किन,पुश्किन
pushkarana,पुष्करण,पुष्करणा
pushkarna,पुष्करण,पुष्करणा
pushkarnaa,पुष्करण,पुष्करणा
pushp,पुष्प,पुष्प
pushpa,पुष्प,पुष्प
pushpa,पुष्प,पुष्पा
pushpaa,पुष्पा,पुष्पा
pushpit,पुष्पित,पुष्पित
pushpon,पुष्पों,पुष्पों
poonjikaran,पूंजीकरण,पूंजीकरण
punjikaran,पुंजीकरण,पूंजीकरण
poojaapaath,पूजापपठ,पूजापाठ
poojapath,पूपज्ठ,पूजापाठ
pujapath,पुजाप्ठ,पूजापाठ
pooranpur,पूरंपुर,पूरनपुर
puranpur,पुरंपुर,पूरनपुर
purvaabhaas,पूर्वाभास,पूर्वाभास
purvaabhas,पूर्वाभास,पूर्वाभास
purvabhaas,पूर्वाभास,पूर्वाभास
purvabhas,पूर्वाभास,पूर्वाभास
pendulam,पेंदुलम,पेंडुलम
pendulum,पेंदुलुम,पेंडुलम
peg,पेग,पेग
pages,पागेस,पेजेज
pajej,पेजेज,पेजेज
pace,पेस,पेस
pes,पेस,पेस
pastry,पास्त्री,पेस्ट्री
pangolin,पंगोलीन,पैंगोलिन
pengolin,पेंगोलीन,पैंगोलिन
packard,पैकर्ड,पैकर्ड
package,पककेे,पैकेज
packageon,पककेगन,पैकेजों
packagon,पककागों,पैकेजों
packajon,पककाजों,पैकेजों
paim,पैम,पैम
pam,पाम,पैम
paratrooper,पररतपुरर,पैराट्रूपर
peratrupers,पेराटर्सस,पैराट्रूपर
paranormal,परनोरमम,पैरानॉर्मल
peranormal,पेरानोमल,पैरानॉर्मल
paraffin,परफफ्न,पैराफिन
parafin,पराफीन,पैराफिन
perafin,पेराफीन,पैराफिन
parabola,परबोला,पैराबोला
perabola,पेराबला,पैराबोला
polimer,पोलिइमर,पॉलिमर
polymer,पॉल्मरर,पॉलिमर
polishing,पोलिशिंग,पॉलिशिंग
pokar,पोकर,पोकर
poker,पोकरयर,पोकर
polish,पोलिश,पोलिश
poshit,पोशित,पोषित
posta,पोस्ता,पोस्ता
pau,पौू,पौ
pyade,प्यादे,प्यादे
prakriya,प्रकृरिया,प्रक्रिया
prakshepak,प्रक्षेपक,प्रक्षेपक
pratigya,प्रतिज्ञ,प्रतिज्ञा
prtigyaa,प्रतिज्ञा,प्रतिज्ञा
pratibhutiyan,प्रतिभूतियां,प्रतिभूतियां
pratiyon,प्रतियों,प्रतियों
prativaad,प्रतिवाद,प्रतिवाद
prativad,प्रतिवाद,प्रतिवाद
prativadi,प्रतिवादी,प्रतिवादी
pratishat,प्रतिषत,प्रतिशत
praneet,प्रानीत,प्रनीत
pranit,प्रणित,प्रनीत
prapaat,प्रपतत,प्रपात
prapat,प्रपत,प्रपात
prapaaton,प्रपततों,प्रपातों
prapaton,प्रपतों,प्रपातों
prabodhini,प्रबोधिनी,प्रबोधिनी
prayaasrat,प्रयस्रत,प्रयासरत
prayasarat,प्रयस्रत,प्रयासरत
pradarshan,प्रदर्शन,प्रर्दशन
prardashan,प्रदर्शन,प्रर्दशन
pravati,प्रवाति,प्रवत्ति
pravatti,प्रवत्ति,प्रवत्ति
prashaasanik,प्रशासनिक,प्रशासनिक
prashasanik,प्रशासनिक,प्रशासनिक
prashasnik,प्रशासनिक,प्रशासनिक
prashaasanon,प्रशासनों,प्रशासनों
prashansanon,प्रशंसनों,प्रशासनों
prashasanon,प्रशासनों,प्रशासनों
prashikshu,प्रशिक्षु,प्रशिक्षु
prastaavon,प्रस्तावोंं,प्रस्तावों
prastavon,प्रस्तवोंं,प्रस्तावों
prahlaad,प्रहालद,प्रहलाद
prahlad,प्रहालद,प्रहलाद
prahasan,प्रहससन,प्रहसन
prahsan,प्रहससन,प्रहसन
prahaarak,प्रहारक,प्रहारक
praharak,प्रहाक,प्रहारक
prahad,प्रहद़,प्रह्लाद
prahlad,प्रहालद,प्रह्लाद
privacy,प्रिवासीी,प्राइवेसी
praakkathan,प्रकाखन,प्राक्कथन
prakkathan,प्रक्खान,प्राक्कथन
praan,प्राण,प्राण
pran,प्रण,प्राण
pranon,प्रणों,प्राणों
prathamik,प्रथामिक,प्राथमिक
prathmik,प्राथमिक,प्राथमिक
praathmikata,प्रामिकता,प्राथमिकता
prathmikta,प्रथमिकता,प्राथमिकता
prathmiki,प्राथमिकी,प्राथमिकी
pradhyapakon,प्रायधापककोंं,प्राध्यापकों
prapt,प्रप्त,प्राप्त
prapta,प्रप्ता,प्राप्त
prapti,प्रप्ति,प्राप्ती
praroop,प्राूप,प्रारूप
prarup,प्रापु,प्रारूप
priyamani,प्रियामणी,प्रियामणि
proof,प्रूफ,प्रूफ
pruf,प्रूफ,प्रूफ
prekshakon,प्रेक्षकोंं,प्रेक्षकों
prem,प्रेम,प्रेम
premlata,प्रेमलता,प्रेमलता
prema,प्रेमा,प्रेमा
premi,प्रेमीी,प्रेमी
profit,प्रोफिट,प्रॉफिट
processing,प्रोसेसिंग,प्रॉसेसिंग
programers,प्रोग्रायर्स,प्रोग्रामर्स
programmers,प्रोग्रामर्स,प्रोग्रामर्स
programs,प्रोग्राम्स,प्रोग्रामर्स
proto,प्रोटो,प्रोटो
propellant,प्रोपेलांटट,प्रोपेलेंट
propellent,प्रॉपललेंट,प्रोपेलेंट
praudh,प्रौधध,प्रौढ
proud,प्रौड,प्रौढ
plan,प्लान,प्लेन
plane,प्लाने,प्लेन
fund,फूंड,फंड
funda,फूंडा,फंडा
funding,फंडिंग,फंडिंग
fandon,फैंडों,फंदों
fagua,फागुआयू,फगुआ
fatane,फटाने,फटने
phatane,फटाने,फटने
phatne,फटने,फटने
fadfadata,फड़फड़ता,फड़फड़ाता
phadphadata,फड़पड़ता,फड़फड़ाता
fatehgadh,फतेहाढ़,फतेहगढ़
fatehgarh,फतहहगढ़,फतेहगढ़
fabti,फब्ती,फब्ती
phabti,फब्ती,फब्ती
farse,फर्से,फरसे
pharase,फरसेे,फरसे
pharse,फारसे,फरसे
farheen,फरहीन,फरहीन
farhin,फरहीन,फरहीन
farth,फर्थ,फर्थ
ferth,फर्थ,फर्थ
pharth,फर्थ,फर्थ
farmion,फर्मिन,फर्मिऑन
fermion,फर्मिन,फर्मिऑन
firmian,फर्मियन,फर्मिऑन
farookhabad,फरूखाबाद,फर्रुखाबाद
farrukhabad,फररखुबाद,फर्रुखाबाद
farukhabad,फरुखबाद,फर्रुखाबाद
farookhnagar,फरुखनगर,फर्रूखनगर
farrukhnagar,फर्खनगर,फर्रूखनगर
farukhnagar,फरुखनगर,फर्रूखनगर
falata,फलता,फलता
falta,फलता,फलता
phalata,फलता,फलता
falne,फलने,फलने
phalne,फलने,फलने
falitarth,फलितार्थ,फलितार्थ
phalitartha,फलित्था,फलितार्थ
falibhoot,फलीभूत,फलीभूत
falibhut,फलीभुत,फलीभूत
phalibhoot,फलीभूत,फलीभूत
favvara,फवववारा,फव्वारा
fawaara,फवारा,फव्वारा
favvare,फवववरे,फव्वारे
fawaare,फवारे,फव्वारे
favvaron,फाववरों,फव्वारों
fawaaron,फवारों,फव्वारों
faisala,फैसला,फ़ैसला
faisla,फैसला,फ़ैसला
follow,फॉलो,फ़ॉलो
faansi,फांसी,फांसी
fansi,फांसी,फांसी
fatama,फटमा,फातमा
fatma,फातमा,फातमा
faaf,फाफ,फाफ
phaaph,फाफ,फाफ
farsi,फरसी,फारसी
forcee,फॉर्सी,फारसी
farm,फर्म,फार्म
form,फॉर्म,फार्म
farmic,फर्मिक,फार्मिक
formic,फॉर्मिक,फार्मिक
formulae,फॉर्मूले,फार्मूले
formule,फॉर्मल,फार्मूले
formuley,फॉर्मल,फार्मूले
pharmacy,फर्मससी,फार्मेसी
pharma,फरमा,फार्मों
pharmon,फरममन,फार्मों
farms,फर्म्स,फार्म्स
finger,फाइंगर,फिंगर
fikra,फिक्रा,फिक्र
physician,फिजिसियन,फिजिशियन
firti,फिर्ती,फिरती
fisla,फिसलाा,फिसला
fislaa,फिसलाा,फिसला
feeder,फीडर,फीडर
fulaaye,फुलाए,फुलाए
fulae,फूला,फुलाए
fulay,फूलय,फुलाए
furti,फूर्ती,फूर्ति
phurti,फूर्ती,फूर्ति
fus,फूस,फूस
phoos,फूस,फूस
phus,फूस,फूस
feka,फेका,फेका
fefada,फेफड़ा,फेफड़ा
fefda,फेफड़ा,फेफड़ा
facial,फैसिल,फेशियल
fact,फैक्ट,फैक्ट
federal,फेडरल,फैडरल
failkar,फैलकर,फैलकर
failaaiye,फैलाएे,फैलाइए
failaea,फैलाया,फैलाइए
failaiya,फैलाया,फैलाइए
failaiye,फैलाए,फैलाइए
failegi,फैलेगी,फैलेगी
font,फोंट,फॉन्ट
fogat,फोगत,फोगाट
phogat,फोगत,फोगाट
fod,फोडडी,फोड़
phod,फोड,फोड़
foda,फोडा,फोड़ा
fodaa,फोड़ा,फोड़ा
phoda,फोड़ा,फोड़ा
fode,फोड़े,फोड़े
phode,फोड़े,फोड़े
fodo,फोडो,फोड़ों
fodon,फोडों,फोड़ों
phodo,फोडो,फोड़ों
fortis,फोर्टिस,फोर्टिस
fusion,फुजेन,फ्यूजन
fuji,फूजी,फ्यूजी
fyuji,फ्यूजी,फ्यूजी
francisca,फ्रैंसिक्सा,फ्रांसिस्का
franciska,फ्रैंकिस्सा,फ्रांसिस्का
fransiska,फ्रांसिक्सा,फ्रांसिस्का
francisco,फ्रैंसिक्सो,फ्रांसिस्को
francisko,फ्रैंसिकों,फ्रांसिस्को
fransisko,फ्रांसिकों,फ्रांसिस्को
fringe,फ्रेंज,फ्रिंज
friendship,फ्रेंदिश्प,फ्रेंडशिप
frost,फ्रॉस्ट,फ्रॉस्ट
flin,फ्लिन,फ्लिन
flynn,फ्लाइन,फ्लिन
flesh,फ्लेश,फ्लेश
bang,बांग,बंग
bung,बुंग,बंग
bangbandhu,बंगबंधु,बंगबंधु
bangbhang,बांभगग,बंगभंग
bangash,बंगाश,बंगश
bangsh,बंगश,बंगश
bantane,बंटाने,बंटने
bantne,बाटने,बंटने
bandhati,बंधाती,बंधती
bandhti,बंधती,बंधती
bandhan,बांधन,बंधान
bandhuon,बंधुओंं,बंधुओं
bamba,बांबा,बंबा
mumba,मुंबा,बंबा
bakaayon,बकायों,बकायों
bakayon,बकायों,बकायों
bakaul,बाकौल,बकौल
bakoul,बाकूल,बकौल
baksa,बकसा,बक्सा
baksi,बकसी,बक्सी
bakse,बकससे,बक्से
bakhshane,बख्ाने,बख्शने
bakhshne,बख़कने,बख्शने
bagad,बागड़,बगड़
bagd,बग्द,बगड़
bageechi,बागीची,बगीची
bagichi,बागची,बगीची
bachat,बचात,बचत
bachati,बचाती,बचती
bachti,बच्ती,बचती
bajana,बजनना,बजना
bajrangi,बजरंगी,बजरंगी
bajaj,बजज,बजाज
batalvi,बतलवी,बटालवी
badhachadhakar,बढ़ाधकचार,बढ़ाचढ़ाकर
badata,बड़ता,बढ़ाता
badhaataa,बढ़ता,बढ़ाता
badhata,बढ़ता,बढ़ाता
badhaati,बढ़ाती,बढ़ाती
badhati,बढ़ती,बढ़ाती
badhayi,बढ़ाई,बढ़ायी
badhav,बढ़ाव,बढ़ाव
badhotari,बढ़ोतारी,बढ़ोतरी
badhotri,बढ़ोत्री,बढ़ोतरी
batlaae,बतलाए,बतलाए
batlaaye,बतलाये,बतलाए
batlae,बतलाई,बतलाए
batlaye,बतलाये,बतलाए
batlaakar,बतलाकर,बतलाकर
batlakar,बतललकर,बतलाकर
badlapur,बदलापुर,बदलापुर
badali,बदलली,बदली
badli,बदली,बदली
badam,बददाम,बदाम
banva,बनवा,बनवा
banvaa,बनवा,बनवा
banaam,बनाम,बनाम
banam,बनाम,बनाम
bnaam,बनाम,बनाम
baniya,बनिया,बनिया
banu,बानू,बनू
barpaayaa,बरपाया,बरपाया
barpaya,बरपाया,बरपाया
barsa,बरसा,बरसा
barsaata,बरसाता,बरसाता
barsaataa,बरसाता,बरसाता
barsata,बरसता,बरसाता
barhad,बरहाड़,बरहद
baraat,बरात,बरात
barat,बरत,बरात
braat,ब्राट,बरात
baraamad,बरामद़,बरामद
baramad,बरमाद,बरामद
bramad,भ्रमाद,बरामद
baramade,बरमाड़े,बरामदे
baramde,बरमदे,बरामदे
bare,बरे,बरे
birth,बीर्थ,बर्थ
baljeet,बलजीत,बलजीत
baljit,बालजित,बलजीत
ballabh,बलललभ,बल्लभ
balla,बल्ला,बल्ला
balli,बल्ली,बल्ली
basava,बसवा,बसावा
bastiyon,बस्तियों,बस्तियों
bahroopiya,बहरूपिया,बहरूपिया
bahrupiya,बहरुपिया,बहरूपिया
bahamaas,बहमास,बहामास
bahamas,बहमस,बहामास
bahaav,बहाव,बहाव
bahav,बहव,बहाव
bhav,भाव,बहाव
bahavalpur,बहवालपुर,बहावलपुर
bahawalpur,बहावलपुर,बहावलपुर
bahuchara,बहुचारा,बहुचरा
banthia,बंठिया,बांठिया
banthiya,बंठिया,बांठिया
bandhate,बांधते,बांधते
bandhte,बंधते,बांधते
banbi,बैंबी,बांबी
bombi,बोंबी,बांबी
bounceron,बाउंसरों,बाउंसरों
bowling,बालिंग,बाउलिंग
baku,बाकूू,बाकू
bakuu,बाकू,बाकू
baag,बाग,बाग
bag,बग,बाग
bagh,बाघ,बाग
bagabani,बागबनी,बागबानी
bagbani,बागबनी,बागबानी
bagali,बगली,बागली
bagli,बगली,बागली
baagiyon,बागियों,बागियों
bagiyon,बागियों,बागियों
baago,बागों,बागो
bago,बगो,बागो
baji,बाजी,बाज़ी
bazi,बाजी,बाज़ी
bajaru,बाजरू,बाजारू
bazaru,बाजरू,बाजारू
bajuon,बाजूओं,बाजुओं
badh,बढ़,बाध
badha,बढ़ा,बाधा
baadhaaon,बाधाओं,बाधाओं
baadhaon,बाधाओं,बाधाओं
badhaaon,बढ़ाओं,बाधाओं
badhaon,बढ़ाओं,बाधाओं
baadhit,बाधित,बाधित
badhit,बढ़ित,बाधित
baani,बानी,बानी
bani,बानी,बानी
baapa,बापा,बापा
baapaa,बापा,बापा
bapa,बापा,बापा
bapaa,बपा,बापा
baabat,बाबत,बाबत
babat,बाबत,बाबत
babt,बाबत,बाबत
bayern,बायरेन,बायर्न
byrun,ब्यूरून,बायर्न
barah,बरह,बारह
baarahamaasee,बारहममी,बारहमासी
barahamasi,बारहमसी,बारहमासी
barahmasi,बारहमसी,बारहमासी
barahsinga,बारासिंगा,बारहसिंगा
barasingha,बरसिंघ,बारहसिंगा
bala,बाला,बाला
baalti,बालती,बाल्टी
balti,बालती,बाल्टी
balty,बाल्टी,बाल्टी
baldvin,बालदवीं,बाल्डविन
baldwin,बालदवीन,बाल्डविन
bavaji,बववजी,बावजी
bavji,बावजी,बावजी
baawaraa,बावारा,बावरा
bavra,बावरा,बावरा
bawara,बवारा,बावरा
baahulya,बाहुल्य,बाहुल्य
bahuly,बहुल्य,बाहुल्य
bahulya,बहुल्य,बाहुल्य
box,बॉक्स,बाॅक्स
bikherati,बिखरती,बिखेरती
bikherti,बिखरती,बिखेरती
biggest,बागस्टेट,बिगेस्ट
bichhua,बिछुआ,बिछुआ
bichhuaa,बिछुआ,बिछुआ
biji,बीजी,बिजी
busy,बससी,बिजी
buzy,बुज्य,बिजी
bipin,बिपिन,बिपिन
bilae,बिलाए,बिलाई
bilai,बिलाई,बिलाई
billa,बिल्ला,बिल्ला
billaa,बिल्लाा,बिल्ला
bilhaur,बिल्हर,बिल्हौर
bisva,बिस्वा,बिस्वा
biswa,बिस्वा,बिस्वा
bag,बग,बीएजी
bikaner,बिकनरययू,बीकानेर
bikaneri,बिकनरी,बीकानेरी
bk,बीके,बीके
beejak,बीजक,बीजक
bijak,बिजक,बीजक
beef,बीफ,बीफ
beem,बीम,बीम
bim,बीम,बीम
beemon,बीमों,बीमों
bimon,बाइनों,बीमों
beerganj,बीर्गंज,बीरगंज
birganj,बिर्गंज,बीरगंज
beesavaan,बीसवान,बीसवां
bisavan,बिसववान,बीसवां
bisawan,बिसववान,बीसवां
beast,बीस्टट,बीस्ट
budvig,बुडविग,बुडविग
budwig,बुड्विग,बुडविग
bull,बुल,बुल
bulaao,बुलाओ,बुलाओ
bulao,बुलाओ,बुलाओ
bule,बुले,बुले
bulletin,बल्लेटीन,बुलेटिन
brijesh,बृजशेश,बृजेश
benvar,बेनवर,बेंवर
benwar,बेनवार,बेंवर
beaulad,बीयूलद,बेऔलाद
bekaaboo,बेकाबू,बेकाबू
bekabu,बेकाबू,बेकाबू
bechakar,बेचकर,बेचकर
bechkar,बेचकर,बेचकर
bechate,बेचते,बेचते
bechte,बेचते,बेचते
bediyan,बेडियां,बेड़ियां
bethanal,बेथनाल,बेथनल
bethnal,बेठनाल,बेथनल
benis,बेनिस,बेनिस
belacha,बेलचा,बेलचा
belcha,बेलचा,बेलचा
belinda,बेलिंडा,बेलिंडा
bevkufana,बेवकुफना,बेवकूफाना
bewakoofaanaa,बेवोफनाना,बेवकूफाना
bewkufana,बेवुकफना,बेवकूफाना
besahaaraa,बेसाहा,बेसहारा
besahara,बेशाहा,बेसहारा
basin,बसीन,बेसिन
besin,बेसिन,बेसिन
basil,बसिलल,बेसिल
besil,बेसिल,बेसिल
bandage,बंदगे,बैंडेज
bandej,बंदेज,बैंडेज
baithantey,बैठांते,बैठते
baithate,बैठते,बैठते
baitool,बैटूल,बैतूल
baitul,बैतुल,बैतूल
betul,बेतुल,बैतूल
baini,बैनी,बैनी
beni,बेनी,बैनी
bairakpur,बैराकपुर,बैरकपुर
barrackpore,बररकक्करप,बैरकपुर
baila,बैला,बैला
bella,बेल्ला,बैला
ballistic,बॉल्सिटिक,बैलिस्टिक
bells,बेल्स,बैल्स
bostan,बोस्टान,बॉस्टन
bosten,बोस्टें,बॉस्टन
boston,बोस्टों,बॉस्टन
bokaro,बोकरों,बोकारो
bodara,बोडरा,बोदरा
bodra,बोडरा,बोदरा
bodraa,बोदरा,बोदरा
bona,बोना,बोना
borkar,बोर्कर,बोरकर
borivali,बोरिवाली,बोरीवली
boriwali,बोरिवाली,बोरीवली
born,बॉर्न,बोर्न
bolane,बोलने,बोलने
boliae,बोलियाई,बोलिए
boliy,बोलीय,बोलिए
boliye,बोलिय,बोलिए
bosaan,बोसान,बोसान
bosan,बोसन,बोसान
bauni,बौनी,बौनी
bouni,बौनी,बौनी
byaawa,ब्यावा,ब्यावर
byavar,ब्यावर,ब्यावर
brajesh,ब्राजेश,ब्रजेश
brijesh,बृजशेश,ब्रजेश
brahmalin,ब्रहह्मलीन,ब्रह्मलीन
brahmleen,ब्रहह्मलीन,ब्रह्मलीन
brahmlin,ब्रहह्मलीन,ब्रह्मलीन
bravo,ब्रावों,ब्रावो
brigatn,ब्रिगटन,ब्रिगटन
brighton,ब्रिइटन,ब्रिगटन
brigton,ब्राइटनंग,ब्रिगटन
brigadier,ब्रिगिदर,ब्रिगेडियर
britain,ब्रिटन,ब्रिटेन
breed,ब्रीड,ब्रीद
brock,ब्रॉक,ब्रोक
brok,ब्रोक,ब्रोक
broke,ब्रॉक,ब्रोक
brocken,ब्रॉकेन,ब्रोकन
broken,ब्रॉकेन,ब्रोकन
blosam,ब्लोसम,ब्लॉसम
blossom,ब्लोसम,ब्लॉसम
bhagaane,भगाने,भगाने
bhagane,भगनने,भगाने
bhadakaaya,भड़काया,भड़काया
bhadakaya,भड़काया,भड़काया
bhadkaayaa,भड़काया,भड़काया
bhadkaya,भड़काया,भड़काया
bharakaaya,भऱकया,भड़काया
bharakaya,भऱकया,भड़काया
bhabhoot,भभूत,भभूत
bhabhut,भाभूत,भभूत
bhay,भय,भय
bhaya,भया,भय
bhayo,भायो,भयो
bharatanatyam,भारतनतात्यम,भरतनाट्यम्
bharatnatyam,भारतनत्त्मय,भरतनाट्यम्
bhartnatyam,भार्तनात्म,भरतनाट्यम्
bharate,भरते,भरते
bharte,भारते,भरते
bharani,भरनी,भरनी
bharni,भरनी,भरनी
bharane,भरने,भरने
bharne,भरने,भरने
bhara,भरा,भरा
bhavishya,भविष्य,भविष्य
bhaate,भाते,भाते
bhate,भाते,भाते
bhanu,भानु,भानू
bhabar,भाबर,भाबर
bhareeye,भरीये,भारीय
bhariy,भरीय,भारीय
bhavanaon,भवनाओं,भावनाओं
bhavnaon,भावनाओं,भावनाओं
bhaskar,भस्कर,भास्कर
bheed,भीड़,भीड़
bheera,भीरा,भीरा
bhira,भिरा,भीरा
bheesham,भीषम,भीष्म
bhisham,भिषम,भीष्म
bhishm,भिष्म,भीष्म
bhugat,भुगत,भुगत
bhugata,भुगता,भुगता
bhugta,भुगता,भुगता
bhutto,भूत्तो,भुट्टो
bhumi,भूमी,भुमि
bhurbhura,भुरभुरा,भुरभुरा
bhookh,भूख,भूख
bhukh,भूख,भूख
bhookhi,भूखी,भूखी
bhukhi,भूखी,भूखी
bhoogol,भूगोल,भूगोल
bhugol,भुगोल,भूगोल
bhootal,भूतल,भूतल
bhutal,भूटाल,भूतल
bhoopsingh,भूपसिंह,भूपसिंह
bhupsingh,भूपसिंह,भूपसिंह
bhumi,भूमी,भूमी
bhumika,भूमिका,भूमी
bhulata,भुलता,भूलता
bhulataa,भुलता,भूलता
bhulta,भुलता,भूलता
bhula,भुला,भूला
bhulaa,भुला,भूला
bhooli,भूली,भूली
bhuli,भुली,भूली
bhulo,भुलो,भूलो
bhulon,भुलों,भूलों
bhusi,भुसी,भूसी
bhooswaami,भूस्वमामी,भूस्वामी
bhusvami,भुस्वमी,भूस्वामी
bhuswami,भुस्वमी,भूस्वामी
bhengapan,भेंगपान,भेंगापन
bhairavnath,भैरवानाथ,भैरवनाथ
bhairo,भैरो,भैरो
bhogatey,भोगते,भोगते
bhogte,भोगते,भोगते
bhola,भोला,भोला
bholi,भोली,भोली
bholu,भोलु,भोलू
bhaunho,भौनों,भौंहों
bhaunhon,भौनों,भौंहों
bhoonhon,भूनों,भौंहों
bhraant,भ्रांत,भ्रांत
bhrant,भ्रांत,भ्रांत
brant,ब्रांट,भ्रांत
bhraanti,भ्रांति,भ्रांति
bhranti,भ्रांति,भ्रांति
branti,ब्रांती,भ्रांति
bhraantiyan,भ्रातितां,भ्रांतियां
bhrantiyan,भ्रातियां,भ्रांतियां
bhraantiyon,भ्रातियों,भ्रांतियों
bhrantiyon,भ्रांतियों,भ्रांतियों
mangesh,मंगेश,मंगेश
manch,मांच,मंच
manchit,मांचित,मंचित
mancheeye,मांचीय,मंचीय
manchiy,मांचीय,मंचीय
manchiya,मांचिया,मंचीय
manchon,मांचों,मंचों
manjil,मंजील,मंजिल
manzil,मंजिल,मंजिल
manjila,मंजीला,मंजिला
manzila,मंजीला,मंजिला
manjilein,मंंजीलें,मंजिलें
manjilen,मंजीलें,मंजिलें
manzilein,मंजीलें,मंजिलें
manto,मांटो,मंटो
mantriyon,मंत्रियों,मंत्रियों
makrani,मकरनी,मकरानी
maksad,मकसद,मक्सद
makhdumpur,मखदुमपुर,मखदुमपुर
machaaye,मचाये,मचाए
machae,मचाई,मचाए
machaye,मचाये,मचाए
machaanon,मचानों,मचानों
machanno,मचननों,मचानों
machano,मचनों,मचानों
machanon,मचनों,मचानों
madaura,मडौरा,मढ़ौरा
madhuara,मधुरा,मढ़ौरा
madhura,मधुरा,मढ़ौरा
manipal,मनिपाल,मणिपाल
matpatron,मात्प्रों,मतपत्रों
matthe,मत्ठे,मत्थे
matsyavatar,मत्यस्तावर,मत्स्यावतार
matsyavtar,मात्यस्तर,मत्स्यावतार
masyendranath,मास्येनद्रथ,मत्स्येंद्रनाथ
matsyendranath,मात्यस्रधंतन,मत्स्येंद्रनाथ
madhupur,मधुपुर,मधुपुर
manmarji,मान्रजजी,मनमर्जी
manae,मनाए,मनाए
manaye,मनाये,मनाए
mnaey,मनाई,मनाए
mam,माम,मम
mum,मू,मम
maryokar,मार्योकार,मयोर्का
mayorka,मायरोका,मयोर्का
mayorkaa,मायोरका,मयोर्का
mardaani,मरदानी,मरदानी
mardani,मरदानी,मरदानी
marmar,मरमार,मरमर
murmur,मुरमुर,मरमर
maratha,मारथा,मराठा
marathi,मारथी,मराठी
marji,मररजी,मर्जी
mardanagi,मर्दागी,मर्दानगी
mardangi,मर्दंगी,मर्दानगी
mardo,मार्डो,मर्दों
mardon,मारदों,मर्दों
maryaadaa,मर्यदा,मर्यादा
maryada,मार्यदा,मर्यादा
maryaadaaon,मर्यादाओं,मर्यादाओं
maryadaon,मर्यदाओं,मर्यादाओं
malaga,मलागा,मलागा
malaar,मलार,मलार
malar,मालर,मलार
mashrak,मश्रक,मशरक
masaaledaar,मसालेदार,मसालेदार
masaledaar,मसेलेदार,मसालेदार
masaledar,मसलेदर,मसालेदार
masoor,मसूर,मसूर
masur,मसूर,मसूर
masse,मससे,मस्से
mahakane,महाकने,महकने
mahakne,महाकने,महकने
mahkane,महकाने,महकने
mehkane,महकने,महकने
mahalon,महालों,महलों
mahlon,महलों,महलों
mahagranth,महाग्रनाथ,महाग्रंथ
mhagranth,महाग्रनाथ,महाग्रंथ
mahajan,महाजन,महाजन
mhajan,महाजन,महाजन
mahathir,महातीर,महाथिर
mhathir,महातीर,महाथिर
mahanatam,महानतम,महानतम
mahantam,महांतम,महानतम
mhantam,महांतम,महानतम
mahanideshak,महानिदेशक,महानिदेशक
mahanirdeshak,महानिर्देषक,महानिदेशक
mhanideshak,महानिद्शक,महानिदेशक
mahapauron,महापुरों,महापौरों
mhapauron,महापपों,महापौरों
mahapran,महाप्रण,महाप्राण
mhapran,महाप्रण,महाप्राण
mahamantr,महामंत्र,महामंत्र
mahamantra,महामंत्र,महामंत्र
mhamantra,महामंत्र,महामंत्र
maharaja,महारजा,महाराजा
mahavigyan,महाविज्ञान,महाविज्ञान
mhavidyan,महाविद्ञान,महाविज्ञान
mahavidya,महाविद्य,महाविद्या
mhavidya,महाविद्य,महाविद्या
mahavishnu,महाविष्णु,महाविष्णु
mahasingh,महासिंह,महासिंह
mahasinh,महासिंह,महासिंह
mahipal,महिपाल,महिपाल
mahin,महिं,महीन
mahinon,महिनों,महीनों
maang,मांग,मांग
mang,मंग,मांग
mangani,मंगनी,मांगनी
mangni,मांगी,मांगनी
maanga,मांगा,मांगा
manga,मंगा,मांगा
maangi,मांगी,मांगी
mangi,मांगी,मांगी
maange,मांगे,मांगे
mange,मंगे,मांगे
mango,मंगों,मांगो
maori,माौरी,माओरी
maajin,माजिन,माजिन
majin,मजीन,माजिन
mathe,माठे,माथे
mathey,माठे,माथे
maap,माप,माप
map,माप,माप
mop,मोप,माप
mamooli,ममूली,मामूली
mamuli,ममूली,मामूली
mame,मेम,मामे
maarvaad,मारवाद,मारवाड़
marvad,मारवाद,मारवाड़
marwar,मारवर,मारवाड़
maariya,मारिया,मारिया
mariya,मरिया,मारिया
maariyo,मारियो,मारियो
mario,मररियो,मारियो
mariyo,मरियो,मारियो
martha,मार्था,मार्था
maalish,मालिश,मालिश
malish,मालिश,मालिश
mave,मावे,मावे
mavey,मववे,मावे
maas,मास,मास
mas,मस,मास
mass,मास,मास
maason,मासों,मासों
mason,मससों,मासों
mitaao,मिताओ,मिटाओ
mitao,मिटाओ,मिटाओ
mithaai,मिठाई,मिठाई
mithai,मिठाई,मिठाई
media,मेडिया,मिडिया
mithila,मिथिला,मिथिला
mithilanchal,मिथिलचंचल,मिथिलांचल
mithya,मिठ्य,मिथ्या
mimicry,माइमक्रीी,मिमिक्री
milkiyat,मिलकियत,मिल्कियत
misha,मिशा,मिशा
mungeri,मुंगरी,मुंगेरी
mundva,मूंडववा,मुंडवा
mundwa,मूंडवा,मुंडवा
munshiganj,मुनिहजंंज,मुंशीगंज
mukarte,मुकरते,मुकरते
mukartey,मुकर्ते,मुकरते
mukhopadhyaya,मुखोपध्यय,मुखोपाध्याय
mukhyopadhyaay,मुख्यपोध्याय,मुखोपाध्याय
mukhyamantri,मुख्यांत्री,मुख्यमंत्री
munaf,मुनाफ,मुनाफ
munafa,मुनाफा,मुनाफा
munnu,मुन्नुू,मुन्नू
mufalisi,मुफलसी,मुफलिसी
muflisi,मुल्सिसी,मुफलिसी
mubarakpur,मुबारकपुर,मुबारकपुर
mubarkpur,मुबर्कपुर,मुबारकपुर
murjha,मुरझा,मुर्झा
multae,मूलताए,मुल्ताई
multai,मुलताई,मुल्ताई
mushahid,मुशहीद,मुशाहिद
muhavare,मुहावरे,मुहावरे
muhavre,मुहावरे,मुहावरे
mooth,मूठ,मूठ
muth,मूठ,मूठ
mood,मूद,मूड
mud,मूद,मूड
moodi,मूडी,मूडी
moody,मूद्यय,मूडी
mool,मूल,मूल
mul,मूल,मूल
moolchand,मूलचंद,मूलचंद
mulchand,मूलचंद,मूलचंद
moolar,मूलर,मूलर
mular,मुलरय,मूलर
muller,मल्लरययूर्,मूलर
moolon,मूलों,मूलों
mulon,मूलों,मूलों
maxico,मैक्सिको,मेक्सिको
mexico,मैक्सिको,मेक्सिको
mega,मेगा,मेगा
megapixal,मेगासिकलप,मेगापिक्सल
megapixel,मेगेपल्कल,मेगापिक्सल
mejbaan,मेजबान,मेजबान
mejban,मेजबान,मेजबान
mezbaan,मेजबान,मेजबान
mejabani,मेजबानी,मेजबानी
mejbaani,मेजबानी,मेजबानी
mejbani,मेजबानी,मेजबानी
mezabani,मेजाबीनी,मेजबानी
mejbaan,मेजबान,मेज़बान
mejban,मेजबान,मेज़बान
mezbaan,मेजबान,मेज़बान
mejbaani,मेजबानी,मेज़बानी
mejbani,मेजबानी,मेज़बानी
mezbaani,मेजबानी,मेज़बानी
mate,माते,मेट
met,मेट,मेट
mates,मेट्स,मेट्स
medical,मेडिकल,मेडीकल
methanol,मैथनल,मेथेनॉल
menu,मेनू,मेनू
mem,मेम,मेम
melaghaat,मेलाघट,मेलघाट
melghat,मेलघाट,मेलघाट
melaanin,मेलानिन,मेलानिन
melanin,मेलानिन,मेलानिन
melaani,मेलानी,मेलानी
melani,मेलनी,मेलानी
maheman,महेमान,मेहमान
mehamaan,मेहमान,मेहमान
mehaman,मेहमान,मेहमान
mehmaan,मेहमान,मेहमान
mehman,महहमन,मेहमान
meharaam,मेहराम,मेहराम
mehram,मेहराम,मेहराम
macbook,मैबूक,मैकबुक
matix,मैटिक्स,मैट्रिक्स
matrix,माट्रिक्स,मैट्रिक्स
mad,मैड,मैड
made,मेड़,मैड
maid,मैद,मैड
maddy,मद्दीय,मैडी
maidi,मैदी,मैडी
main,मैन,मैन
man,मान,मैन
men,मेन,मैन
mainan,मैनन,मैनन
menon,मेनों,मैनन
manner,मननरयय,मैनर
maina,मैना,मैना
maine,मैने,मैने
marrej,मैरेज,मैरेज
marriage,मैरिज,मैरेज
merraige,मेरेज,मैरेज
maisachusets,मैयासेच्सस,मैसाचुसेट्स
massachusetts,मैसाचुसेटेस,मैसाचुसेट्स
maisor,मैसर,मैसोर
maisore,मैसरर,मैसोर
mysore,मासर,मैसोर
mod,मॉडी,मॉड
mode,मोड़े,मॉड
modern,मॉडर्न,मॉडर्न
module,मोडल,मॉड्यूल
modules,मोडल्स,मॉड्यूल्स
modyuls,मॉड्यूल्स,मॉड्यूल्स
mauritious,मारिशूस,मॉरिशस
mauritius,मौरिस्स,मॉरिशस
mogali,मोगली,मोगली
mowgli,मोगली,मोगली
motive,मोटिव,मोटिव
mol,मोल,मोल
mold,मॉल्ड,मोल्ड
moshe,मोशे,मोशे
mosad,मोसद,मोसाद
mohana,मोहना,मोहाना
mohani,मोहनी,मोहानी
mohini,मोहिनी,मोहिनी
mohim,मोहिम,मोहिम
maukon,मौकों,मौकों
mauma,मौमा,मौमा
maurya,मौर्य,मौर्या
morya,मोर्य,मौर्या
maurya,मौर्य,मौर्यों
mauryon,मौर्यों,मौर्यों
moryon,मोर्यों,मौर्यों
maulaviyon,मौलावियों,मौलवियों
maulvidon,मालविदों,मौलवियों
maulviyon,मौलवियों,मौलवियों
maule,मौले,मौले
mauley,मौले,मौले
mausa,मौसा,मौसा
yatn,यातन,यत्न
yatna,यातना,यत्न
yada,यादा,यदा
yda,एदआईएयू,यदा
yaduvansh,यादुशंश,यदुवंश
yaduwansh,यादुशंश,यदुवंश
jerusalem,जररूस्लम,यरूशलेम
yarooshaleim,यार्शलाइम,यरूशलेम
yarushalem,यार्शलेम,यरूशलेम
yashpaal,यश्पल,यशपाल
yashpal,यश्पल,यशपाल
yaatna,यातना,यातना
yatna,यातना,यातना
yaatanaon,यानााओं,यातनाओं
yatnaon,यातनाओं,यातनाओं
yarayan,यारायण,यात्राएं
yatraein,यात्राएं,यात्राएं
yatraen,यात्राएं,यात्राएं
yaariyan,यारियां,यारियां
yariyan,यारियां,यारियां
yaari,यारी,यारी
yari,यारी,यारी
yugam,युगम,युग्म
yugm,युग्म,युग्म
yuddhrat,युद्धरत,युद्धरत
yudhrat,युद्रत,युद्धरत
ukrainian,युक्रियाण,यूक्रेनियन
ukranian,उक्रणियां,यूक्रेनियन
jerusalem,जररूस्लम,येरुशलम
yorker,योर्कर,यॉर्कर
yojanaein,योजनाएं,योजनाएं
yojanaen,योजनाएं,योजनाएं
yojanaye,योजनाय,योजनाएं
rangate,रंगते,रंगते
rangte,रंगते,रंगते
rangkata,रंगकता,रंजकता
ranjkatha,रणजखाठा,रंजकता
ranjkta,रंजकता,रंजकता
raees,राइस,रईस
rais,रेस,रईस
raktaabh,रक्तभा,रक्ताभ
raktabh,रक्तभा,रक्ताभ
rakhna,रखना,रखना
raghupati,रघुपती,रघुपति
raghuram,रघुराम,रघुराम
registerd,रेजिस्टर्ड,रजिस्टर्ड
registered,रिज्टाइडर्ड,रजिस्टर्ड
ratanpur,रतानपुर,रतनपुर
runners,रूनर्स,रनर्स
rayan,रायन,रयान
ryan,र्यान,रयान
ralhan,रालहन,रल्हन
ravish,राविष,रविश
ravael,रावल,रवैल
ravel,रेवल,रवैल
rawail,रावेल,रवैल
rasad,रसाद,रसद
rasaayanik,रसायानिक,रसायनिक
rasaayanika,रसायानिका,रसायनिक
rasayanika,रसायिका,रसायनिक
rasyanik,रास्यकिक,रसायनिक
rasaayanon,रसायाों,रसायनों
rasayanon,रसायाों,रसायनों
rahamat,रहमत,रहमत
rahmat,रहमत,रहमत
rhamat,रहमत,रहमत
rahenge,रहेंगे,रहेंगे
rahegi,रहेगी,रहेगी
rounder,रौंडर,राउंडर
raak,राक,राक
rak,रक,राक
raakhe,राखे,राखे
rakhe,रखे,राखे
raagon,रागों,रागों
ragon,रगों,रागों
raghavan,रघवान,राघवन
raaj,राज,राज
raj,रज,राज
rajkot,राजकोत,राजकोट
rajtantra,राजतंत्र,राजतंत्र
raajneetikaran,राजनीतीकरण,राजनीतीकरण
rajneetikaran,राजनीतकीरण,राजनीतीकरण
rajnitikaran,राजनीतककरण,राजनीतीकरण
rajma,राजमा,राजमां
rajman,राजमान,राजमां
raajasva,राजस्व,राजस्व
rajasva,राजस्व,राजस्व
raaji,राजी,राजी
raji,राजी,राजी
rajinaama,राजीनमा,राजीनामा
rajinama,राजीनमा,राजीनामा
raajon,राजों,राजों
rajon,राजों,राजों
rana,राना,राणा
raatrichar,रात्रीचार,रात्रिचर
ratrichar,रत्रिचार,रात्रिचर
raadhe,राढ़े,राधे
radhe,राढ़,राधे
ranapur,रणपपुर,रानापुर
rabin,रबीन,राबिन
robin,रॉबिन,राबिन
rabha,रभा,राभा
ramkot,रामकोट,रामकोट
ramkote,रामकोटे,रामकोट
ramtek,रामतेक,रामटेक
rampur,रामपुर,रामपुर
rambharose,राभर्गसस,रामभरोसे
rambharosey,राभरोग्से,रामभरोसे
ramraj,रामराज,रामराज
raalod,रालोड,रालोद
ralaud,रालौद,रालोद
ralod,रालडडी,रालोद
ravaley,रावले,रावले
ravle,रावले,रावले
rasayanik,रसायानिक,रासायनिक
racreation,राक्रेशन,रिक्रिएशन
recreation,रिक्रेश्न,रिक्रिएशन
rig,रागी,रिग
riggs,राग्सस,रिग्स
rigs,राइजएस,रिग्स
richual,रिचुआल,रिचुअल
ritual,रितुलल,रिचुअल
reduction,रिडकक्शन,रिडक्शन
ripan,रिपान,रिपन
ripon,रिपों,रिपन
ria,रिआईएयययूएचए,रिया
riya,रिया,रिया
rishte,रिष्टे,रिश्ते
rishtey,रिश्ते,रिश्ते
risane,रिसने,रिसने
risaney,रिसने,रिसने
risne,रिसने,रिसने
rihana,रिहाना,रिहाना
rihanna,रिहनाना,रिहाना
regal,रेगल,रीगल
rigal,रिगल,रीगल
reasonal,रियोनल,रीजनल
regional,रिजेनल,रीजनल
retreate,रिटराटेट,रीट्वीट
retweet,रितवविट,रीट्वीट
reeta,रीता,रीता
rita,रिता,रीता
rukate,रुकते,रुकते
rukte,रुकते,रुकते
ruktey,रुकतेे,रुकते
rugan,रूगन,रुग्ण
rugna,रूग्ण,रुग्ण
ruganta,रूगनता,रुग्णता
rugnata,रूगनाता,रुग्णता
rojvelt,रोजवेल्ट,रुजवेल्ट
roojwelt,रूजवेल्ट,रुजवेल्ट
roosevelt,रूजवेल्ट,रुजवेल्ट
rodolph,रोडोल्फ,रुडोल्फ
rudolf,रूडोल्फ,रुडोल्फ
rudolph,रूडल्फ,रुडोल्फ
roopesh,रूपेश,रुपेश
rupesh,रूपेश,रुपेश
ruby,रूबी,रुबी
roomani,रूमानी,रुमानी
rumani,रूमानी,रुमानी
rukavaton,रुकावतों,रूकावटों
root,रूट,रूट
route,रौते,रूट
rooting,रूटिंग,रूटिंग
routine,रौटिने,रूटिंग
routing,रौटिंग,रूटिंग
roots,रुट्स,रूट्स
routes,रौउट्स,रूट्स
roopak,रूपक,रूपक
rupak,रूपक,रूपक
roopi,रुपी,रूपी
rupi,रूपी,रूपी
rantle,रंटले,रेंटल
rental,रेंटल,रेंटल
registan,रेजिस्टान,रेगिस्तान
registani,रेजिस्तानी,रेगिस्तानी
reja,रेजा,रेजा
reza,रेजा,रेजा
rate,रते,रेट
rate,रते,रेत
ret,रेट,रेत
refaeli,रिफाली,रेफेली
refeli,रेफली,रेफेली
reshe,रेश,रेशे
reshey,रेशे,रेशे
race,रास,रेस
rese,रेज,रेस
racer,रेसर,रेसर
recer,रिसर,रेसर
racing,रेसिंग,रेसिंग
reson,रेसों,रेसों
rehaana,रहहाना,रेहाना
rehana,रहहा,रेहाना
racketeer,रकेटीर,रैकेटियर
racketier,रकेटीयर,रैकेटियर
rectare,रिक्टर,रैकेटियर
radical,राडिकल,रैडिकल
raidical,रेडिकल,रैडिकल
raith,रैठ,रैथ
rapping,रपप्जिंग,रैपिंग
wrapping,राप्रिंग,रैपिंग
robertsan,रॉबर्ट्सन,रॉबर्टसन
robertson,रॉबर्ट्सन,रॉबर्टसन
robinson,रॉबिसन,रॉबिंसन
royals,रॉयल्स,रॉयल्स
rojlin,रोजलिन,रोजलिन
rozlyn,रॉजलीन,रोजलिन
rotation,रोटाशन,रोटेशन
rodrigo,रॉड्रियो,रोड्रिगो
ronaldo,रोनालडो,रोनाल्डो
ronit,रोणित,रोनित
roni,रोनी,रोनी
ropane,रोपने,रोपने
ropaney,रोपने,रोपने
ropne,रोपने,रोपने
robin,रॉबिन,रोबिन
roya,रोया,रोया
rollers,रॉलर्स,रोलर्स
rovan,रोवन,रोवन
rowan,रोवन,रोवन
rosario,रोसरियो,रोसारियो
rosariyo,रोसारियों,रोसारियो
raubadaar,रुबादार,रौबदार
raubadar,रुबदर,रौबदार
raubdar,रुबदर,रौबदार
landara,लंडरा,लंगड़ा
langada,लंंगड़ा,लंगड़ा
langda,लंंडा,लंगड़ा
langar,लांगर,लंगर
langaron,लंगरों,लंगरों
langron,लांगरों,लंगरों
lambi,लंबी,लंबी
lakeer,लकीरययू,लकीर
lakir,लाकीर,लकीर
lakiron,लाकिरों,लकीरों
lakme,लक्ेे,लक्मे
lakshmidhar,लक्ष्मीधार,लक्ष्मीधर
lakshmighar,लक्ष्मीघार,लक्ष्मीधर
lakshy,लक्ष्य,लक्ष्य
lakshya,लक्ष्य,लक्ष्य
lakshyon,लक्ष्यों,लक्ष्यों
lux,लुक्स,लक्स
laksar,लकसर,लक्सर
luxor,लुक्रर,लक्सर
lakhkhi,लखखखी,लख्खी
lagna,लगना,लगना
laganewale,लगननेवाले,लगनेवाले
lagnevaaley,लगननवाले,लगनेवाले
lagnewale,लगनेवाले,लगनेवाले
lagega,लगेगा,लगेगा
lajjalu,लजजलू,लज्जालु
latkate,लटकते,लटकाते
ladki,लड़की,लड़की
ladate,लड़ते,लड़ते
ladte,लड़ते,लड़ते
ladaai,लड़ाई,लड़ाई
ladai,लडाई,लड़ाई
ladaaiyon,लड़ाइयों,लड़ाईयों
ladaeyon,लड़ायों,लड़ाईयों
ladaiyon,लड़ायों,लड़ाईयों
lapetane,लेपटेने,लपेटने
lapetne,लेपटेन,लपेटने
labada,लबदा,लबादा
lbada,लबडाा,लबादा
labdh,लाद्भ,लब्ध
lbdh,एबबड़,लब्ध
lalak,लालक,ललक
lalkarata,ललकररता,ललकारता
lalkarta,ललकरर्ता,ललकारता
lalla,लाला,लल्ला
lavasa,लावसा,लवासा
lovasa,लोवसा,लवासा
lassi,लससी,लस्सी
lahanaa,लहना,लहना
lahna,लहना,लहना
lehna,लहना,लहना
lahraee,लहराई,लहराई
lahrai,लहराई,लहराई
lehrayi,लहरायी,लहराई
lahalhati,लहलहाती,लहलहाती
lahlahaati,लहलहाती,लहलहाती
lahlahati,लहलहाती,लहलहाती
lahsun,लहसूं,लहसुन
lasoon,लासून,लहसुन
lanchar,लांचार,लांचर
launcher,लांचर,लांचर
lycopene,लाइक्पोइन,लाइकोपिन
lime,लाइम,लाइम
lives,लाइव्स,लाइव्स
live,लाइव,लाईव
laegi,लागी,लाएगी
lagataar,लगातार,लागातार
lagatar,लगातर,लागातार
laata,लाता,लाता
lata,लटा,लाता
laati,लाती,लाती
lati,लाटी,लाती
layega,लाएगा,लायेगा
lalpur,लालपुर,लालपुर
las,लास,लास्ट
last,लास्ट,लास्ट
lindbhed,लिंद्बेड,लिंगभेद
lingbhed,लिंगभेद,लिंगभेद
lindan,लिंदन,लिंडन
lindn,लिंडन,लिंडन
lindon,लिंडों,लिंडन
likhakar,लिखाकार,लिखकर
likhkar,लिखकर,लिखकर
ligar,लिगर,लिगर
liger,लाइजर,लिगर
liberation,लाइबरेशन,लिबरेशन
libration,लाइब्रेशन,लिबरेशन
liberation,लाइबरेशन,लिब्रेशन
libration,लाइब्रेशन,लिब्रेशन
leaderon,लीडरों,लीडरों
leedaron,लीदरों,लीडरों
lidaron,लिडारों,लीडरों
liidaron,लिडारों,लीडरों
louis,लुयस,लुईस
luis,लियस,लुईस
ludhakate,लुढ़कते,लुढ़कते
ludhkate,लुढ़कते,लुढ़कते
lurhakate,लुढ़कते,लुढ़कते
lutf,लूट,लुत्फ
lumding,लुजिमिंग,लुमडिंग
lootmaar,लूटमार,लूटमार
lootmar,लुटममर,लूटमार
landal,लंडल,लेंडल
lendal,लेंडल,लेंडल
lega,लेगा,लेगा
legaa,लेगा,लेगा
letakar,लेटाकर,लेटकर
letkar,लेटकर,लेटकर
lenevali,लेनेवाली,लेनेवाली
lenewali,लेनेवाली,लेनेवाली
label,लेबल,लेबल
labeling,लेलेबिंग,लेबलिंग
labelling,लेलबलिंग,लेबलिंग
labelo,लेबलों,लेबलों
labelon,लेबलों,लेबलों
lebalon,लेबलों,लेबलों
lemon,लेमोन,लेमन
laingadan,लांगाड़न,लैंगडन
langdon,लंंडों,लैंगडन
lengdan,लेंगदान,लैंगडन
laigikata,लागीकता,लैंगिकता
laingikta,लैंगिकता,लैंगिकता
lanset,लांसेट,लैंसेट
lenset,लेंसेट,लैंसेट
lairi,लैरी,लैरी
lairy,लैरी,लैरी
larry,लारी,लैरी
lace,लेस,लैस
less,लेस,लैस
locket,लॉकेटट,लॉकेट
laundry,लाउंड्री,लॉन्ड्री
longewal,लोंगेवाल,लोंगोवाल
longewala,लोंगेवाला,लोंगोवाल
longoval,लोंगोवल,लोंगोवाल
log,लॉग,लोग
loge,लोगे,लोगे
lochdar,लोचदार,लोचदार
lodi,लोडी,लोदी
laurence,लॉरेंस,लौरेंस
laurens,लॉरेंस,लौरेंस
laurense,लॉरेंस,लौरेंस
wonder,वंडर,वंडर
vansh,वंश,वंश
vanshdhar,वंशशधर,वंशधर
vanshavad,वंशवाद,वंशवाद
vanshvaad,वंशवाद,वंशवाद
vanshvad,वंशवाद,वंशवाद
wanshwad,वंशवाद,वंशवाद
vajood,वजूद,वजूद
vajud,वाजूद,वजूद
wajood,वजूद,वजूद
vadali,वादली,वडाली
vadli,वादली,वडाली
wadali,वादली,वडाली
vanita,वानिता,वनिता
vareinye,वररेनी,वरेण्य
varenya,वेरेनीय,वरेण्य
varn,वर्न,वर्ण
varna,वर्ण,वर्ण
varnit,वर्णित,वर्णित
vartamaan,वर्तमान,वर्तमान
vartaman,वर्तमान,वर्तमान
vartmaan,वर्तमान,वर्तमान
vartman,वर्तमान,वर्तमान
varddhaman,वर्द्धमान,वर्द्धमान
vardhmaan,वर्धमान,वर्द्धमान
vardhman,वर्धमान,वर्द्धमान
verbal,वर्बल,वर्बल
varshan,वर्षण,वर्शन
vasharan,वशारण,वर्शन
vershan,वर्शन,वर्शन
version,वर्सियन,वर्शन
varsaache,वर्साचे,वर्साचे
varsaryache,वार्सार्चे,वर्साचे
vasearche,वास्रेच,वर्साचे
valkan,वाल्कन,वल्कन
valkkan,वालक्ण,वल्कन
velkan,वेलकन,वल्कन
vash,वश,वश
vashikaran,वशीकरण,वशीकरण
vaangchuk,वांंुक,वांगचुक
vangchuk,वंंचुक,वांगचुक
wangchuk,वांंुक,वांगचुक
want,वंंट,वांट
vije,वाजे,वाइज
vise,विस,वाइज
wise,वाइस,वाइज
vatar,वातर,वाटर
water,वाटर,वाटर
watson,वाटससन,वाटसन
wattson,वत्ससों,वाटसन
vaan,वान,वाण
waan,वान,वाण
vaanon,वानों,वाणों
vanon,वनों,वाणों
wanon,वनों,वाणों
vatanukulan,वातानुकुलन,वातानुकूलन
watanukoollan,वातांुकुलनन,वातानुकूलन
vaadak,वादक,वादक
vadak,वादक,वादक
vaadiyon,वादियों,वादियों
vadiyon,वादियों,वादियों
wadiyon,वाडियों,वादियों
vayana,वायना,वायना
vayna,वायना,वायना
wayna,वायना,वायना
wireless,वरियलेस,वायरलेस
wirerless,वररेलर्स,वायरलेस
warrior,वारियरय,वारियर्स
warriors,वारियर्स,वारियर्स
valve,वालवे,वाल्व
wolv,वॉल्व,वाल्व
vastavik,वास्तविक,वास्तविक
vastvik,वास्त्विक,वास्तविक
vaahikayen,वाहिकाएं,वाहिकाएं
vahikayen,वाहिकाएं,वाहिकाएं
wahikayan,वाहिकायान,वाहिकाएं
winter,विंटर,विंटर
vincent,विंसेंट,विंसेंट
vikalpon,विकाल्पों,विकल्पों
wicket,विकेटट,विकेट
vikramjeet,विक्रामजित,विक्रमजीत
vikramjit,विक्रामित,विक्रमजीत
vichaarakon,विचारकों,विचारकों
vicharakon,विचारकों,विचारकों
vigyan,विज्ञान,विज्ञान
vigyaani,विज्ञानी,विज्ञानी
vigyani,विज्ञानी,विज्ञानी
vigyaanon,विज्ञानों,विज्ञानों
vigyanon,विज्ञानों,विज्ञानों
vitthal,वित्थल,विट्ठल
viththal,विथथल,विठ्ठल
vitthal,वित्थल,विठ्ठल
vitark,वितरक,वितर्क
vidhaaein,विधाएं,विद्याएं
vidyaayein,विद्याएं,विद्याएं
vidyaen,विद्याएं,विद्याएं
vidhaaon,विधाओं,विद्याओं
vidyaaon,विद्याओं,विद्याओं
vidyaon,विद्याओं,विद्याओं
vidhansabhaein,विधानबांएं,विधानसभाएं
vidhansabhaen,विधानबाएं,विधानसभाएं
vidhivat,विधिवात,विधिवत
vidhut,विधुत,विधुत
vinasht,विनाष्ट,विनष्ट
vineet,विनीट,विनीत
vinit,विनित,विनीत
vipreetataa,विप्रतता,विपरीतता
vipritata,विप्रतता,विपरीतता
vipra,विप्र,विप्रा
vipro,विप्रो,विप्रो
wipro,विप्रो,विप्रो
vibha,विभा,विभा
vibhajak,विभाजक,विभाजक
vibhram,विभररम,विभ्रम
vibhrm,विभर्म,विभ्रम
vibram,विब्राम,विभ्रम
vimarsh,विमर्श,विमर्श
vimarsho,विमारशों,विमर्शों
vimarshon,विमारशों,विमर्शों
virajati,विराजती,विराजती
virechan,विरेचन,विरेचन
virodh,विरोधध,विरोध
virodhabhasi,विरोधभासी,विरोधाभासी
virodhabhason,विरोदभासों,विरोधाभासों
vividh,विविध,विविध
vivekahin,विवेकाहीन,विवेकहीन
vivekheen,विवेखीन,विवेकहीन
visheshan,विशेषण,विशेषण
visheshanon,विशेषनों,विशेषणों
visheshaadhikaar,विशेषाधिकार,विशेषाधिकार
visheshadhikar,विशेषाधिकार,विशेषाधिकार
vishwasaniy,विश्वसानीय,विश्वसनीय
vishwasniiya,विश्वसानिया,विश्वसनीय
vishwasaniyata,विश्वसनीतता,विश्वसनीयता
vishwasniiyataa,विश्वस्नताता,विश्वसनीयता
vishahin,विषाहीन,विषहीन
vishhin,विषिन,विषहीन
vishanu,विषाणु,विष्णु
vishnu,विष्णु,विष्णु
vlc,वीएलसी,वीएलसी
weeks,वीक्स,वीक्स
veerchand,वीरचंद,वीरचंद
virchand,विरचंद,वीरचंद
veeresh,वीरेश,वीरेश
viresh,विरेश,वीरेश
vritton,वृत्तों,वृत्तों
vruton,वृत्ों,वृत्तों
vrutton,वृत्तों,वृत्तों
venkataraman,वेंकतरमम,वेंकटरमन
venkatraman,वेंक्रममन,वेंकटरमन
ved,वेड,वेड
wade,वाड़े,वेड
wed,वेड,वेड
wedding,वेडिंग,वेडिंग
vediyon,वेदियों,वेदियों
vedon,वेदों,वेदों
venezuela,वेनुजीला,वेनेजुएला
veronica,वेरोनिका,वेरोनिका
veronika,वेरोणिका,वेरोनिका
weronika,वेरोणिका,वेरोनिका
velvet,वेलवेट,वेलवेट
welwet,वेलवेट,वेलवेट
welder,वेलर,वेल्डर
weldor,वेल्डरय,वेल्डर
welding,वेलिडिंग,वेल्डिंग
wealth,वेल्थ,वेल्थ
vellur,वेल्लर,वेल्लूर
velur,वेलर,वेल्लूर
vesh,वेश,वेश
wasting,वास्टिंग,वेस्टिंग
westing,वेस्टिंग,वेस्टिंग
wastinghouse,वास्टिशोंश,वेस्टिंगहाउस
westinghouse,वेस्टोशेंश,वेस्टिंगहाउस
vaisley,वैसलले,वेस्ले
vesle,वेसल,वेस्ले
wesle,वेसल,वेस्ले
vaigyaanik,वैग्ञानिक,वैज्ञानिक
vaigyanik,वैग्ञनिक,वैज्ञानिक
vegyanik,वेज्ञानिक,वैज्ञानिक
vaigyaanikta,वैग्यानिकता,वैज्ञानिकता
vaigyanikata,वैज्ञीनताता,वैज्ञानिकता
vaigyanikta,वैग्यानिकता,वैज्ञानिकता
vaitravati,वैत्रवतती,वैत्रवती
vaitrawati,वैत्रवति,वैत्रवती
vaimanasy,वैयानसम,वैमनस्य
vaimanasya,वैयामस्य,वैमनस्य
vaimanya,वैयमनन्य,वैमनस्य
very,वेरी,वैरी
vaisaakh,वैसाख,वैशाख
vaishakh,वैशाख,वैशाख
vaishaakhi,वैशाखी,वैशाखी
vaishakhi,वैशाखी,वैशाखी
vaishnodevi,वैशनोद्वीी,वैष्णोदेवी
vyaktigat,व्यक्तिगत,व्यक्तिगत
vyagr,व्याग्र,व्यग्र
vyagra,व्याग्र,व्यग्र
vyatit,व्यातित,व्यतीत
vytit,व्यतितत,व्यतीत
vyabhichar,व्याभचार,व्यभिचार
vyabhichari,व्याभाचारी,व्यभिचार
vyavadhan,व्यववधान,व्यवधान
vyavdhan,व्यववधान,व्यवधान
vyavahargat,व्यवहारगात,व्यवहारगत
vyvhargat,व्यवहर्गता,व्यवहारगत
vyaghat,व्याघट,व्याघात
vyapak,व्यापक,व्यापक
vlad,व्लैद,व्लाद
wlaad,वलाद,व्लाद
vladimir,व्लादिमारीयू,व्लादिमीर
shanghai,शांघाई,शंघाई
shatpath,शत्पठ,शतपथ
shanivar,शानीवर,शनिवार
shaniwar,शानीवर,शनिवार
shabana,शबना,शबाना
shbana,शबना,शबाना
shabdarth,शबदार्थ,शब्दार्थ
shamadan,शामदान,शमादान
shmadan,श्मदान,शमादान
shamitabh,शमीताभ,शमिताभ
shamil,शमील,शमिल
shmil,शमील,शमिल
sharabon,शराबों,शराबों
shrabon,श्रबों,शराबों
shararat,शरारत,शरारत
shrart,शरारत,शरारत
sharmana,शरममना,शर्माना
shaharwasiyon,शहरावसियों,शहरवासियों
shahrvasiyon,शहर्वसियों,शहरवासियों
shervasiyon,शर्वसियों,शहरवासियों
shahdara,शहदारा,शहादरा
shaantikaal,शांतिकाल,शांतिकाल
shantikal,शांतिकाल,शांतिकाल
shaao,शाओ,शाओ
shao,शाओ,शाओ
shaakir,शाकीर,शाकिर
shakir,शाकिर,शाकिर
shaakhaaen,शाखाएं,शाखाएं
shakhayan,शखायन,शाखाएं
shakhayen,शखायें,शाखाएं
shayak,शायक,शायक
shaavakon,शावकों,शावकों
shavakon,शावकों,शावकों
shavkon,शावकों,शावकों
shaasaka,शासका,शासक
shasak,शासक,शासक
sasakon,सससकों,शासकों
shaasakon,शासकों,शासकों
shasakon,शासकों,शासकों
shipra,शिप्र,शिप्रा
shirke,शिरके,शिर्के
sheershakon,शीर्षकों,शीर्षकों
shirshakon,शिर्शकों,शीर्षकों
shirshkon,शिर्षकों,शीर्षकों
shujaat,शूजात,शुजात
shujat,शूजत,शुजात
shooting,शूटिंग,शुटिंग
shutting,श्टटिंग,शुटिंग
should,शौल्द,शुड
shud,शुड,शुड
shubhankar,शुभंकर,शुभंकर
shumaali,शुमाली,शुमाली
shumali,शुमाली,शुमाली
shringaar,श्रृंगार,शृंगार
shringar,श्रृंगार,शृंगार
shrungar,शृंगर,शृंगार
sheling,शेलिंग,शेलिंग
shelling,शेलिंग,शेलिंग
shaili,शैली,शैली
shaly,शाल्य,शैली
sheli,शेली,शैली
shaishav,शैशा,शैशव
sean,सीन,शॉन
shaun,शौन,शॉन
shawn,शावन,शॉन
short,शोर्ट,शोर्ट
sure,सुरे,श्योर
shrankhala,श्रखंला,श्रंखला
shrankhalaa,श्रखंला,श्रंखला
shrunkhla,शृंखला,श्रंखला
shrankhalaaon,श्रखंालाओं,श्रंखलाओं
shrinkhalaon,शृंखलाओं,श्रंखलाओं
shrunkhlaon,शृंखलाओं,श्रंखलाओं
shravani,श्रवानी,श्रावणी
shrikar,श्रीकार,श्रीकर
shrikhand,शृखखंद,श्रीखंड
shrimati,श्रीमति,श्रीमति
shriram,श्रीराम,श्रीराम
sriram,स्रीराम,श्रीराम
shrotaon,श्रोताओं,श्रोताओं
shat,शात,षट्
sankhyaein,संख्याएं,संख्याएं
sankhyaen,संख्याएं,संख्याएं
sankhyayen,संख्याएं,संख्याएं
sanghanit,संघानित,संघनित
sanghnit,संघनीत,संघनित
sanchayan,संचायन,संचयन
sanchar,संचार,संचार
sanchaari,संचारी,संचारी
sanchari,संचारी,संचारी
sanchalanon,संचालनों,संचालनों
sanchalnon,संचालों,संचालनों
sanjay,संजय,संजय
sanjeevan,संजीवन,संजीवन
sanjivan,संजीवन,संजीवन
santati,संतती,संतति
sandarbh,संदर्भ,संदर्भ
sandarbha,संदरभा,संदर्भ
sandrbh,संद्रभ,संदर्भ
sandarbhon,संदर्भों,संदर्भों
sandrbhon,संद्रों,संदर्भों
sandali,संदाली,संदली
sandli,सांडली,संदली
sandhan,संधन,संधान
samprati,संप्रति,संप्रति
samprti,संप्रति,संप्रति
samprabhu,संप्रभू,संप्रभु
samprbhu,संप्रभु,संप्रभु
samprabhuta,संपृभुत,संप्रभुता
samprbhuta,संपृभता,संप्रभुता
sambit,संबित,संबित
sambhalane,संभालने,संभालने
sambhalne,संभालने,संभालने
sambhrant,संभर्त,संभ्रांत
sanbharnt,संभारत,संभ्रांत
sanyog,संयोग,संयुक्त
sanyukt,संयुक्त,संयुक्त
sanyukta,संयुक्त,संयुक्त
sanyukta,संयुक्त,संयुक्ता
sanyogvash,संयोव्यास,संयोगवश
sanyojan,संयोजन,संयोजन
sanyojanon,संयोजनों,संयोजनों
sanyojnon,संयोनोों,संयोजनों
samvedikaran,संवेदिकरण,संवेदीकरण
sanvedikaran,संवेधिकरण,संवेदीकरण
samshayon,समशायों,संशयों
sanshayon,संशयों,संशयों
sanshyon,संश्यों,संशयों
sanskaar,संस्कर,संस्कार
sanskar,संस्कर,संस्कार
sanskaari,संसकारी,संस्कारी
sanskari,संस्कारी,संस्कारी
sanskrit,संस्कृत,संस्कृत
sanskurt,संस्कृत,संस्कृत
sanskritiyan,संस्कृतियां,संस्कृतियां
sanskrutiyan,संस्कृतियां,संस्कृतियां
sanskritiyon,संस्कृतियों,संस्कृतियों
sanskrutiyon,संस्कृतियों,संस्कृतियों
sanasthit,सानस्थित,संस्थित
sansthit,संस्थित,संस्थित
sanasthita,सानस्थिता,संस्थिता
sansthita,संस्थिता,संस्थिता
sakara,सकरा,सकरा
sakra,सकरा,सकरा
sakshan,साक्षण,सक्शन
suction,सुक्शन,सक्शन
sacchidanand,सच्चिनदंद,सच्चिदानंद
sachhidanand,सच्छाददंद,सच्चिदानंद
sachidanand,सचिदनदंद,सच्चिदानंद
sajja,सज्जा,सज्जा
sat,सात,सत
satpal,सत्पल,सतपाल
satluj,सतलुज,सतलुज
sataane,सताने,सताने
satane,सताने,सताने
sate,साते,सते
satti,सत्ती,सत्ती
satvat,सत्वत,सत्वत
sadanand,सदानंद,सदानंद
sapane,सपने,सपने
sapne,सपने,सपने
sapney,सपने,सपने
saparivaar,सपररीवार,सपरिवार
sapariwar,सपरीवार,सपरिवार
sparivar,स्परिवार,सपरिवार
sapaat,सपात,सपाट
sapat,सपत,सपाट
sapate,सपते,सपाटे
sapatey,सपाते,सपाटे
saptakranti,सात्पक्रति,सप्तक्रांति
saptkraanti,साप्तकरांति,सप्तक्रांति
saptapadi,सप्तादी,सप्तपदी
saptpadi,सप्पतादी,सप्तपदी
saptari,सप्तारी,सप्तरी
sapramaan,सप्रमान,सप्रमाण
sapraman,सप्रमान,सप्रमाण
submit,सबमीत,सबमिट
sabmission,सबीमिशन,सबमिशन
submission,सबिमिशन,सबमिशन
sabhaein,सभाएं,सभाएं
sabhaen,सभाएं,सभाएं
sabhayen,सभाएं,सभाएं
sabhen,सभें,सभाएं
sabhasadon,सभासदोंं,सभासदों
sabhyata,सभ्यता,सभ्यता
samjhoonga,समझूंगा,समझूंगा
samjhunga,समझुंगा,समझूंगा
samjhungaa,समझुंगा,समझूंगा
saman,सामन,समन
samanvayaka,सामनवायका,समन्वयक
samanwayaka,सानावयका,समन्वयक
samnvyak,सामन्यवक,समन्वयक
samaadhaan,समाधन,समाधान
samadhan,समाधन,समाधान
samadhiyon,समाधियों,समाधियों
samadjiyon,समादियों,समाधियों
samalakha,समलखा,समालखा
samalakhaa,समलखा,समालखा
samahaar,समाहार,समाहार
samahar,समाहर,समाहार
samitiyan,सामितियां,समितियां
sametati,समेतती,समेटती
sametti,समेत्ती,समेटती
sarka,सरका,सरका
sarkaa,सरका,सरका
sarkarein,सरकरेएं,सरकारें
sarkaren,सरकारें,सरकारें
sarkaaron,सरकारों,सरकारों
sarkaron,सरकारों,सरकारों
sargana,सरगना,सरगना
sarganaon,सागनाओं,सरगनाओं
sargi,सर्गी,सरगी
sarguja,सरगुजा,सरगुजा
sarjuga,सरजूगा,सरगुजा
sarsa,सरसा,सरसा
sarsaa,सरसा,सरसा
sarahind,सारहिंद,सरहिंद
sarhind,सारींद,सरहिंद
sirhind,सिरहिंड,सरहिंद
saraaha,सराह,सराहा
saraha,सरहा,सराहा
saraahi,सराही,सराही
sarahi,सरही,सराही
salaahkar,सलाहकार,सलाहकार
salahkaar,सलाहकार,सलाहकार
salahkar,सलाहकार,सलाहकार
saleeb,सलीब,सलीब
salib,सालिब,सलीब
select,सेलेक्ट,सलेक्ट
saltanat,सल्तनात,सल्तनत
saltnat,साल्टनात,सल्तनत
savaal,सवाल,सवाल
saval,सावल,सवाल
sawaal,सवाल,सवाल
sawal,सावल,सवाल
sahakalaakar,सहकलाकार,सहकलाकार
sahakalakar,सहकलकर,सहकलाकार
sahkalakar,सहकलाकर,सहकलाकार
sahadev,सहादेव,सहदेव
sahdev,सहदेव,सहदेव
sahrawat,सहरातत,सहरावत
sherawat,शेरावत,सहरावत
sahooliyata,सहूलियता,सहूलियत
sahuliyat,सहूलियत,सहूलियत
sahuuliyata,सहूलियता,सहूलियत
saanketika,सांकेतिका,सांकेतिक
sanketik,संकेटिक,सांकेतिक
saimans,सायंंस,साइमंस
simmons,सिमंन,साइमंस
symons,सियमंस,साइमंस
saima,सायमा,साइमा
sagarika,सगगरिका,सागरिका
sagrika,सगगरीका,सागरिका
saga,सगा,सागा
saajan,साजन,साजन
sajan,सजन,साजन
saajsajja,साजजज्जा,साजसज्जा
sajsajja,सजसजजा,साजसज्जा
saja,सजा,साजा
saathsaath,साथसाथ,साथसाथ
sathsath,सथस्थ,साथसाथ
sathiya,साथिया,साथिया
saabah,साबह,साबाह
sabah,सबाह,साबाह
samanjasy,समाजसस्य,सामंजस्य
samanjasya,समाजसं्य,सामंजस्य
samoa,समोा,सामोआ
samoaa,समोा,सामोआ
saayn,सायन,सायं
sayan,सायन,सायं
saym,सायम,सायं
saira,सैरा,सायरा
sayara,सायरा,सायरा
sayra,सायरा,सायरा
salve,सलवे,साल्वे
sahab,सहाब,साहब
singapore,सिंगपपारे,सिंगापुर
singaar,सिंगर,सिंगार
singar,सिंगर,सिंगार
singer,सिंगर,सिंगार
singhaadey,सिंघदे,सिंघाड़े
singhade,सिंहड़े,सिंघाड़े
singhde,सिंहडे,सिंघाड़े
singhre,सिंघरे,सिंघाड़े
singhi,सिंही,सिंघी
singha,सिंहा,सिंहा
sinha,सिंहा,सिंहा
siera,सियरा,सिएरा
sierra,सियरा,सिएरा
sikud,सिकुद,सिकुड़
signals,सिगनल्स,सिगनल्स
cigaretton,सिगरेटरों,सिगरेटों
cigretton,साइग्रेटन,सिगरेटों
siddhivat,सिद्धिवत,सिद्धवट
siddhvat,सिद्धवत,सिद्धवट
siddhwat,सिद्धवत,सिद्धवट
sinabang,सिनाबंग,सिनाबंग
synapse,सिनापेस,सिनेप्स
sipah,सिपा,सिपाह
sipaha,सिपाहा,सिपाह
sipahiyon,सिपाहियों,सिपाहियों
sipahi,सिपाही,सिपाही
sim,सीआईएम,सिम
simat,सिमत,सिमट
simatataa,सिमातता,सिमटता
simatta,सिमततता,सिमटता
simtata,सिमताता,सिमटता
simtataa,सिमताता,सिमटता
cement,सेमेंट,सिमटे
simate,सिमते,सिमटे
simi,सीमी,सिमी
simmy,सिम्मी,सिमी
sims,सीम्स,सिम्स
siyasi,सियासी,सियासी
siyah,सियाह,सियाह
siyaha,सियाह,सियाह
sirpur,सिरपुर,सिरपुर
sivan,सिवन,सिवान
siwan,सिवान,सिवान
sisva,सिस्वा,सिसवा
siswa,सिस्वा,सिसवा
cil,सील,सीआईएल
csi,सीआईईईस,सीएसआई
sikar,सिकर,सीकर
seaten,सीटेन,सीटें
sitaram,सितररम,सीताराम
sitaharan,सीताहरण,सीताहरण
cpm,सीपीएम,सीपीएम
cps,सीपीएस,सीपीएस
cbse,सीबीएस,सीबीएसई
seem,सीम,सीम
sim,सीआईएम,सीम
sealed,सीलेड,सील्ड
shield,शिल्ड,सील्ड
ccd,सीसीडीी,सीसीडी
sugamata,सुगाता,सुगमता
sugmta,सुग्तता,सुगमता
sujan,सुजन,सुजेन
sujen,सूजें,सुजेन
suken,सुकें,सुजेन
sujain,सुजाएं,सुजैन
sujhaati,सुझाती,सुझाती
sujhati,सुझती,सुझाती
sutali,सुतली,सुतली
sutli,सूल्ली,सुतली
suta,सूता,सुता
sdueep,स्दूप,सुदीप
sudip,सुदिप,सुदीप
sudhaargrah,सुधार्ग्र,सुधारगृह
sudhargrih,सुधारगृह,सुधारगृह
sudhargruh,सुधाग्रहु,सुधारगृह
sunaaron,सुनारों,सुनारों
sunaron,सुनरों,सुनारों
sunaseer,सुनसीर,सुनासीर
sunasir,सुनासीरय,सुनासीर
suneeti,सुनीति,सुनीति
suniti,सुनिती,सुनीति
sunega,सुनेगा,सुनेगा
suneyga,सुनेगा,सुनेगा
superhit,सुपरहित,सुपरहिट
supachy,सुपच्चीय,सुपाच्य
supachya,सुपच्य,सुपाच्य
supachye,सुपच्चे,सुपाच्य
subhaay,सुभाय,सुभाय
subhay,सुभाय,सुभाय
surveen,सूर्वीन,सुरवीन
survin,सूर्विन,सुरवीन
surana,सुराना,सुराणा
sulkhan,सुलखान,सुलखान
suljaayi,सुलजायी,सुलझाई
suljayi,सुलजाई,सुलझाई
suljhai,सुलझाई,सुलझाई
sulzai,सुलझाई,सुलझाई
sultana,सुलताना,सुलताना
sulaati,सुलाती,सुलाती
sulati,सुलती,सुलाती
susanskrit,सुसंस्कृत,सुसंस्कृत
susanskrut,सुसंसकृत,सुसंस्कृत
suhagin,सुहागीन,सुहागिन
soond,सूंड,सूंड़
sund,सुंड,सूंड़
suiyan,सुईयां,सूइयां
sukhati,सुखती,सूखती
sukhti,सुखती,सूखती
sukhakar,सुखाकर,सूखाकर
soochak,सूचक,सूचक
suchak,सूचक,सूचक
sooja,सूजा,सूजा
suja,सूजा,सूजा
suba,सुबा,सूबा
sube,सूबे,सूबे
sooraj,सूरज,सूरज
suraj,सुराज,सूरज
surinaam,सुरीनाम,सूरीनाम
surinama,सुरीणामा,सूरीनाम
suriname,सुरीनमम,सूरीनाम
suryadev,सूर्यवेद,सूर्यदेव
sendha,सेंधा,सेंधा
senvai,सेनवाई,सेंवई
sevai,सेवाई,सेंवई
sensing,सेंसिंग,सेंसिंग
sexual,सेक्सल,सेक्सुअल
saturday,सतुर्दय,सेटरडे
seti,सेटी,सेटी
seto,सेटो,सेटो
seth,सेठ,सेथ
safety,सफेटी,सेफ्टी
semen,सेमेन,सेमिन
semin,सेमिन,सेमिन
self,सेल्फ,सेल्फ
selfie,सेल्फी,सेल्फी
save,सावे,सेव
sev,सेव,सेव
sevakon,सेवकों,सेवकों
sevkon,सेवकों,सेवकों
samuels,समयूल्स,सैम्युल्स
celery,सेलीरी,सैलरी
salary,सालारी,सैलरी
sakar,साकर,सॉकर
socar,सोकर,सॉकर
soccer,सॉस्सर,सॉकर
songs,सोंग्स,सॉन्ग्स
solicitor,सोलिसिटर,सॉलिसिटर
sochane,सोचने,सोचने
sochne,सोचने,सोचने
sonu,सोनू,सोनू
soma,सोमा,सोमा
spma,स्पीएमई,सोमा
somi,सोमी,सोमी
soy,सोय,सोय
soya,सोया,सोया
solitaire,सोलिएटर,सोलिटेयर
soharai,सोहाराई,सोहराई
sohrai,सोहराई,सोहराई
sohaval,सोहवाल,सोहावल
sohawal,सोहवाल,सोहावल
saunpane,सौंपने,सौंपने
sonpne,सोंपने,सौंपने
scala,स्कैला,स्काला
skala,स्काला,स्काला
ski,सीसीआई,स्की
scootaron,स्कूटरों,स्कूटरों
scooteron,स्कूटरों,स्कूटरों
skootaron,स्कोतारों,स्कूटरों
scandinavia,स्केंदिविया,स्कैंडिनेविया
scaining,सैैैनिंग,स्कैनिंग
scanning,स्केनिंग,स्कैनिंग
squash,स्क्वास,स्क्वाश
squash,स्क्वास,स्क्वैश
skhalan,स्खालन,स्खलन
stain,स्टेन,स्टैन
stan,स्टन,स्टैन
stop,स्टॉप,स्टॉप
stops,स्टॉप्स,स्टॉप्स
stone,स्टोन,स्टोन
straws,स्ट्राज,स्ट्रास
stress,स्ट्रेस,स्ट्रास
stra,स्ट्रा,स्ट्रे
stray,स्ट्रे,स्ट्रे
stre,स्ट्रर,स्ट्रे
strocks,स्ट्रॉक्स,स्ट्रोक्स
strokes,स्ट्रॉक्स,स्ट्रोक्स
stan,स्टन,स्तन
stanadhari,स्तनाधारी,स्तनधारी
standhaari,स्तनधारी,स्तनधारी
standhari,स्तनंधारी,स्तनधारी
sthiti,स्थिति,स्तिथि
stithi,स्तिथी,स्तिथि
stuti,स्टूटीी,स्तुति
sthitiyaan,स्थीतियां,स्थितियां
sthitiyan,स्थीतियां,स्थितियां
sthitiyon,स्थीतियों,स्थितियों
sthool,स्थूल,स्थूल
sthul,स्थुल,स्थूल
sthoolta,स्थूलता,स्थूलता
sthulata,स्थुलता,स्थूलता
sneakers,स्नीक्सर,स्नीकर्स
snickers,स्नेकर्स,स्नीकर्स
snikarse,स्नाक्रेस,स्नीकर्स
spear,स्पेयरय,स्पीयर
spell,स्पेल,स्पेल
spelar,स्पेलर,स्पेलर
speller,स्पेलरय,स्पेलर
sprint,स्प्रिंट,स्प्रिट
sprit,स्प्रिट,स्प्रिट
spray,स्प्रय,स्प्रे
spry,स्प्री,स्प्रे
sfoorti,स्फूर्ति,स्फूर्ति
sfurti,स्फूर्ति,स्फूर्ति
sphoorti,स्फूर्ति,स्फूर्ति
slide,स्लाइड,स्लाइड
slider,स्लीडर,स्लाइडर
slaaidon,स्लाइडों,स्लाइडों
slidon,स्लीडों,स्लाइडों
sliders,स्लीडर्स,स्लाइड्स
slides,स्लाइडस,स्लाइड्स
slice,स्लाइस,स्लाइस
slash,स्लाश,स्लैश
swaroopon,स्वरूपों,स्वरुपों
swarupon,स्वरूपों,स्वरुपों
swa,स्व,स्वा
swaachaalit,स्वचाातित,स्वाचालित
swachalit,स्वचालित,स्वाचालित
swaarthparak,स्वारपार्थक,स्वार्थपरक
swarthparak,स्वराथपार्क,स्वार्थपरक
swiftlate,स्वीफटेट,स्विफ्टलेट
swiftlet,स्वीफलेटट,स्विफ्टलेट
sweekarte,स्वीकररेट,स्वीकारते
swikarte,स्वीकररेट,स्वीकारते
sweet,स्वीत,स्वीट
sweep,स्वीप,स्वीप
sweccha,स्वेच्छा,स्वेच्छा
swecha,स्वेच्छा,स्वेच्छा
swechha,स्वेच्छा,स्वेच्छा
sweta,स्वेटा,स्वेता
swap,स्वपप,स्वैप
swipe,स्वीप,स्वैप
handiya,हैंडिया,हंडिया
handiyaa,हैंदिया,हंडिया
hundiya,हंडिया,हंडिया
hakikat,हाकिकत,हकीकत
haqeeqat,हकीकत,हकीकत
hathiya,हथिया,हथिया
hamala,हमला,हमला
hamla,हमला,हमला
hamalavar,हमलवार,हमलावर
hamlavar,हमलवार,हमलावर
humlavar,हमलावर,हमलावर
hamaal,हमाल,हमाल
hamal,हमल,हमाल
hercules,हर्कल्स,हरक्यूलिस
hardas,हरदास,हरदास
harpaal,हरपाल,हरपाल
harpal,हार्पल,हरपाल
harvansh,हरववंश,हरवंश
haraval,हरावल,हरावल
harawal,हरावाल,हरावल
hurricane,हररिकरेन,हरिकेन
harijan,हरिजान,हरिजन
hariyali,हरियाली,हरियाली
harshit,हर्षित,हर्षित
haldi,हलदी,हल्दी
halla,हल्ला,हल्ला
hawamahal,हवामहाल,हवामहल
hawalaat,हवालत,हवालात
hawalat,हवालत,हवालात
hasino,हासिनों,हसीनों
hasinon,हासिनों,हसीनों
haan,हान,हां
han,हा,हां
haanfte,हांफते,हांफते
hafate,हफाते,हांफते
hanfte,हैंफते,हांफते
higman,हाइगमन,हाइमन
hymen,हाइमेन,हाइमन
hadauti,हाडौती,हाड़ौती
haani,हानी,हानी
hani,हानी,हानी
haarjeet,हारजीत,हारजीत
harjeet,हरजीत,हारजीत
haaranaa,हारणा,हारना
harana,हराना,हारना
harna,हरना,हारना
haalchaal,हालचाल,हालचाल
haalchal,हालचाल,हालचाल
halchaal,हलचाल,हालचाल
halchal,हलचाल,हालचाल
halt,हालत,हाल्ट
hault,हौलत,हाल्ट
hahakar,हाहकर,हाहाकार
hingis,हिंगिस,हिंगिस
hindan,हिंदन,हिंडन
hindon,हिंडों,हिंडन
hijada,हिजड़ा,हिजड़ा
hijda,हिजदा,हिजड़ा
hijbul,हिजबुल,हिजबुल
hippo,हिप्पो,हिप्पो
hippopotamus,हिप्पेयापासु,हिप्पोपोटेमस
himali,हिमाली,हिमाली
hilane,हिलाने,हिलने
hilne,हिलने,हिलने
hisham,हिशम,हिशाम
heeraganj,हीरागंज,हीरागंज
hiraganj,हिरागंज,हीरागंज
heroes,हेरोस,हीरोज
heros,हेरोस,हीरोज
hui,हुई,हुईं
huin,हुइन,हुईं
hooper,हूपर,हूपर
huppar,हुपपर,हूपर
hupper,हापपर,हूपर
hegde,हेजड़े,हेगडे
hemvati,हेमववती,हेमवती
hemwati,हेमवाती,हेमवती
help,हेल्प,हेल्प
helper,हेल्परय,हेल्पर
haito,हैटो,हैतो
hairam,हैराम,हैरम
harem,हैरेम,हैरम
herald,हेराल्ड,हैराल्ड
haive,हैइव,हैव
have,हावे,हैव
hong,होंग,हॉन्ग
half,हालफफ,हॉफ
hoaf,होफ,हॉफ
hounga,हांगा,होऊंगा
holding,हॉल्डिंग,होल्डिंग
hoshangabaad,होशनाबाद,होशंगाबाद
hoshangabad,होशनाबाद,होशंगाबाद
hostes,होस्ट्स,होस्टेस
hostess,होस्ट्स,होस्टेस
